{"name":"d147066a-d910-4ca2-87e4-ef5efe03b35f","id":"/providers/Microsoft.Flow/flows/d147066a-d910-4ca2-87e4-ef5efe03b35f","type":"Microsoft.Flow/flows","properties":{"apiId":"/providers/Microsoft.PowerApps/apis/shared_logicflows","displayName":"Create_PDF_For_ESKER","definition":{"metadata":{"workflowEntityId":null,"processAdvisorMetadata":null,"flowChargedByPaygo":null,"flowclientsuspensionreason":"None","flowclientsuspensiontime":null,"flowclientsuspensionreasondetails":null,"creator":{"id":"dc004195-6294-4c04-a82f-1aa5867fe245","type":"User","tenantId":"5dbf1add-202a-4b8d-815b-bf0fb024e033"},"provisioningMethod":"FromDefinition","failureAlertSubscription":true,"clientLastModifiedTime":"2025-01-08T10:15:25.9664506Z","connectionKeySavedTimeKey":"2025-01-08T10:15:25.9664506Z"},"$schema":"https://schema.management.azure.com/providers/Microsoft.Logic/schemas/2016-06-01/workflowdefinition.json#","contentVersion":"1.0.0.0","parameters":{"$connections":{"defaultValue":{},"type":"Object"},"$authentication":{"defaultValue":{},"type":"SecureObject"}},"triggers":{"manual":{"metadata":{"operationMetadataId":"0fe056ef-9755-411a-a4a3-6dc7d8457de7"},"type":"Request","kind":"PowerApp","inputs":{"schema":{"type":"object","properties":{"GetRequestDetails_Id":{"type":"integer","format":"int64","description":"Unique identifier of item to be retrieved","x-ms-powerflows-param-ispartial":false}},"required":["GetRequestDetails_Id"]}}}},"actions":{"HTML_Template":{"runAfter":{"Create_HTML_table":["Succeeded"]},"metadata":{"operationMetadataId":"9c5602d5-6b61-4251-8d24-f0df77c2e625"},"type":"Compose","inputs":"<!DOCTYPE html>\n<html lang=\"en\">\n<head>\n    <meta charset=\"UTF-8\">\n    <meta name=\"viewport\" content=\"width=device-width, initial-scale=1.0\">\n    <title>FOC Order Form</title>\n    <style>\n        body{\n            font-family:Calibri;\n            margin: 0;\n            padding: 0;\n\t\t\tvertical-align: middle;\n\t\t\t \n        }\n        h1,h2,h3,h4,h5,h6{\n            margin: 0;\n            padding: 0;\n        }\n        p{\n            margin: 0;\n            padding: 0;\n        }\n        .container{\n            width: 80%;\n            margin-right: auto;\n            margin-left: auto;\n        }\n        .brand-section{\n           background-color: #ec6602\t;\n           padding: 10px 40px;\n\t\t   font-family:Calibri;\n        }\n        .logo{\n            width: 50%;\n        }\n\n        .row{\n            display: flex;\n            flex-wrap: wrap;\n        }\n        .col-6{\n            width: 50%;\n            flex: 0 0 auto;\n        }\n        .text-white{\n            color: #fff;\n        }\n        .company-details{\n            float: right;\n            text-align: right;\n        }\n        .body-section{\n            padding: 16px;\n            border: 1px solid gray;\n\t\t\tfont-family:Calibri;\n        }\n        .heading{\n            font-size: 20px;\n            margin-bottom: 08px;\n        }\n        .sub-heading{\n            color: #262626;\n            margin-bottom: 05px;\n        }\n        table{\n            background-color: #fff;\n            width: 50%;\n            border-collapse: collapse;\n\t\t\ttable-layout:fixed;\n        }\n        .thead{\n            border: 1px solid #111;\n            background-color: #ec6602;\n\t\t\tcolor:white;\n        }\n        table td {\n            vertical-align: middle !important;\n            text-align: center;\n        }\n        table th, table td {\n            padding-top: 08px;\n            padding-bottom: 08px;\n\t\t\tfont-size:13px;overflow:hidden;\n        }\n\t\t.th-main{\n            width=100%;\n\t\t\t\n        }\n        .table-bordered{\n            box-shadow: 0px 0px 5px 0.5px gray;\n        }\n        .table-bordered td, .table-bordered th {\n            border: 1px solid #dee2e6;\n        }\n.table-bordered tr {\n    border-bottom: 1px solid #dee2e6;\n}\n        .text-right{\n            text-align: end;\n        }\n        .w-75{\n            width: 75%;\n        }\n\t\t\n        }\n        .float-right{\n            float: right;\n        }\n\t\t.h1-co{\n\t\tcolor:#009999;\n\t\t}\n.imgset{\n\t\talign:right;\n\n\t\t}\n#ImSticky {\n  position: fixed;\n}\n    </style>\n</head>\n<body>\n\n   \n                <br>\n                   \n\t\t\t\t\t \n\t\t\t\t\t <h1 class=\"h1-co\">FREE OF CHARGE ORDER FORM  </h1>\n\t\t\t\t\t\n\t\t\t\t\t<br><br>\n                \n                    \n                    <h2 class=\"heading\">General Data</h2>\n                    <p class=\"sub-heading\">COUNTRY: @{outputs('Get_Request_Details')?['body/Title']}</p>\n                    <p class=\"sub-heading\">ENTER DATE: @{outputs('Get_Request_Details')?['body/Date']} </p>\n                    <p class=\"sub-heading\">REQUESTOR: @{outputs('Get_Request_Details')?['body/Requestor']} </p>\n\t\t\t\t\t<p class=\"sub-heading\">REQUEST ID: @{outputs('Get_Request_Details')?['body/ID']}</p>\n\n<br><br>\n            <h3 class=\"heading\">Customer Data</h3>\n            <br>\n            <table class=\"table-bordered\">\n                \n\t\t\t\t<tr>\n                        <th class=\"thead\"  colspan=\"2\">SOLD TO Information</th>\n                         </tr>\n                <tbody>\n\t\t\t\t \n                    <tr>\n                        <th>Name </th>\n                        <td class=\"w-75\">@{outputs('Get_Request_Details')?['body/SOLDTOCustomerName']}</td>\n                        \n                    </tr>\n                    <tr>\n                        <td>Code</td>\n                        <td>@{outputs('Get_Request_Details')?['body/SOLDTOCode']}</td>\n                       \n                    </tr>\n\t\t\t\t\t  <tr>\n                        <td>City</td>\n                        <td>@{outputs('Get_Request_Details')?['body/SOLDTOCity']}</td>\n                       \n                    </tr>\n                  \n                </tbody>\n\t\t\t\t\n\t\t\t\t\n\t\t\t\t<tr>\n                        <th class=\"thead\"  colspan=\"2\">SHIP TO Information</th>\n                       \n                    </tr>\n\t\t\t\t\t \n\t\t\t\t\t \n\t\t\t\t\t\n                \n                <tbody>\n\t\t\t\t \n                    <tr>\n                        <th>Name</th>\n                        <td class=\"w-75\">@{outputs('Get_Request_Details')?['body/SHIPTOCustomerName']}</td>\n                        \n                    </tr>\n<tr>\n                        <td>Name2</td>\n                        <td class=\"w-75\">@{outputs('Get_Request_Details')?['body/Name2']}</td>\n                        \n                    </tr>\n\n                    <tr>\n                        <td>Code</td>\n                        <td>@{outputs('Get_Request_Details')?['body/SHIPTOCode']}</td>\n                       \n                    </tr>\n\t\t\t\t\t  <tr>\n                        <td>City</td>\n                        <td>@{outputs('Get_Request_Details')?['body/SHIPTOCity']}</td>\n                       \n                    </tr>\n\t\t\t\t\t  <tr>\n                        <td>Department</td>\n                        <td>@{outputs('Get_Request_Details')?['body/SHIPTODepartment']}</td>\n                       \n                    </tr>\n                  \n                </tbody>\n            </table>\n            <br>\n\t\t\t<h3 class=\"heading\">Request Info</h3>\n            <br>\n          <table class=\"table-bordered\">\n             \n\t\t\t\t\t \n\t\t\t\t\t\n                \n                <tbody>\n\t\t\t\t \n                    <tr>\n                        <th>FOC Reason</th>\n                        <td class=\"w-75\">@{outputs('Get_Request_Details')?['body/FOCCategory']}</td>\n                        \n                    </tr>\n                   \n\t\t\t\t\t  <tr>\n                        <td>Additional Note</td>\n                        <td>@{outputs('Get_Request_Details')?['body/Comment']}</td>\n                       \n                    </tr>\n                  \n                </tbody></table> \n\t\t\t\t\n\t\t\t\t\n\t\t\t\t<br>\n\t\t\t<h3 class=\"heading\">Approver Info</h3>\n            <br>\n          <table class=\"table-bordered\">\n             \n\t\t\t\n                \n                <tbody>\n\t\t\t\t \n                    <tr>\n                        <th>1st Approver</th>\n                        <td class=\"w-75\">@{outputs('Get_Request_Details')?['body/OData__x0031_stApprover']}</td>\n                        \n                    </tr>\n                    <tr>\n                        <th>2nd Approver</th>\n                        <td>@{outputs('Get_Request_Details')?['body/OData__x0032_ndApprover']}</td>\n                       \n                  \n                  \n                </tbody></table> \n     \n\n      \n       <br><br><br><br><br>\n\t\t\t<h3 class=\"heading\">Material Info</h3>\n            <br>\n           <table class=\"table-bordered\">\n                \n\t\t\t\t<tr>\n                        <th class=\"thead\">SAP Code</th>\n\t<th class=\"thead\">Description</th>\n<th class=\"thead\">Quantity</th>\n<th class=\"thead\">Comment</th>\n\t\t\t\t\t\t \n\t\t\t\t\t\t</tr>\n\t\t\t\t\t\t\n                       \n                     <tr style=\"1px solid #111;\"><td>@{variables('SAP_CODE')}</td>\n\t\t\t\t\t\t\n\t\t\t\t\t\t   <td>@{variables('DESCRIPTION')}</td>\n                                         <td>@{variables('QTY')}</td>\n                                   <td>@{variables('Comment')}</td>\n\t\t\t\t\t\t   </tr>\n\t\t\t\t\t\n       </table>\n\n</body>\n</html>"},"Create_HTML_file":{"runAfter":{"HTML_Template":["Succeeded"]},"metadata":{"operationMetadataId":"fde4f206-146c-48d4-951e-53e8beee81de"},"type":"OpenApiConnection","inputs":{"host":{"apiId":"/providers/Microsoft.PowerApps/apis/shared_onedriveforbusiness","connectionName":"shared_onedriveforbusiness_1","operationId":"CreateFile"},"parameters":{"folderPath":"/FOC PDF TEST","name":"FOC_Order_Form @{outputs('Get_Request_Details')?['body/ID']}.html","body":"@outputs('HTML_Template')"},"authentication":{"value":"@json(decodeBase64(triggerOutputs().headers['X-MS-APIM-Tokens']))['$ConnectionKey']","type":"Raw"}},"runtimeConfiguration":{"contentTransfer":{"transferMode":"Chunked"}}},"Convert_file_":{"runAfter":{"Create_HTML_file":["Succeeded"]},"metadata":{"operationMetadataId":"990b8428-2bf1-499c-a82d-9295ca456dc4"},"type":"OpenApiConnection","inputs":{"host":{"apiId":"/providers/Microsoft.PowerApps/apis/shared_onedriveforbusiness","connectionName":"shared_onedriveforbusiness","operationId":"ConvertFileByPath"},"parameters":{"path":"/FOC PDF TEST/FOC_Order_Form @{outputs('Get_Request_Details')?['body/ID']}.html","type":"PDF"},"authentication":{"value":"@json(decodeBase64(triggerOutputs().headers['X-MS-APIM-Tokens']))['$ConnectionKey']","type":"Raw"}}},"Create_PDF":{"runAfter":{"Convert_file_":["Succeeded"]},"metadata":{"operationMetadataId":"787a80dc-aa29-4a45-bff7-a9105ba5275b"},"type":"OpenApiConnection","inputs":{"host":{"apiId":"/providers/Microsoft.PowerApps/apis/shared_onedriveforbusiness","connectionName":"shared_onedriveforbusiness","operationId":"CreateFile"},"parameters":{"folderPath":"/FOC PDF TEST","name":"FOC_Order_Form @{outputs('Get_Request_Details')?['body/ID']}.pdf","body":"@body('Convert_file_')"},"authentication":{"value":"@json(decodeBase64(triggerOutputs().headers['X-MS-APIM-Tokens']))['$ConnectionKey']","type":"Raw"}},"runtimeConfiguration":{"contentTransfer":{"transferMode":"Chunked"}}},"Get_Request_Details":{"runAfter":{},"metadata":{"operationMetadataId":"04a6f150-9b59-4d4e-a054-45b868ff5a78"},"type":"OpenApiConnection","inputs":{"host":{"apiId":"/providers/Microsoft.PowerApps/apis/shared_sharepointonline","connectionName":"shared_sharepointonline","operationId":"GetItem"},"parameters":{"dataset":"https://healthineers.sharepoint.com/sites/FOC_Tool","table":"e2587c90-08da-4b9d-908f-7f7bd3e2ce42","id":"@triggerBody()['GetRequestDetails_Id']"},"authentication":{"value":"@json(decodeBase64(triggerOutputs().headers['X-MS-APIM-Tokens']))['$ConnectionKey']","type":"Raw"}}},"Get_items":{"runAfter":{"Get_Request_Details":["Succeeded"]},"metadata":{"operationMetadataId":"a969b699-e27e-4c13-bdc4-021c9f56f5e3"},"type":"OpenApiConnection","inputs":{"host":{"apiId":"/providers/Microsoft.PowerApps/apis/shared_sharepointonline","connectionName":"shared_sharepointonline","operationId":"GetItems"},"parameters":{"dataset":"https://healthineers.sharepoint.com/sites/FOC_Tool","table":"298b583c-837f-40d4-b81d-9d9add7fd77c","$filter":"Title eq @{outputs('Get_Request_Details')?['body/ID']}"},"authentication":{"value":"@json(decodeBase64(triggerOutputs().headers['X-MS-APIM-Tokens']))['$ConnectionKey']","type":"Raw"}}},"Initialize_variable":{"runAfter":{"Fetching_material_details":["Succeeded"]},"metadata":{"operationMetadataId":"2faa5d24-5a7a-4799-883e-1e01a4a6f3bf"},"type":"InitializeVariable","inputs":{"variables":[{"name":"SAP_CODE","type":"string"}]}},"Appending_the_material_values":{"foreach":"@outputs('Get_items')?['body/value']","actions":{"Append_to_string_variable":{"runAfter":{},"metadata":{"operationMetadataId":"922f8e1d-6139-4887-933d-8117455b884d"},"type":"AppendToStringVariable","inputs":{"name":"SAP_CODE","value":"\n@{items('Appending_the_material_values')?['SAPCode']}<br><br>"}},"Append_to_string_variable_2":{"runAfter":{"Append_to_string_variable":["Succeeded"]},"metadata":{"operationMetadataId":"b926def4-77c5-48e0-acc3-a21486750cd5"},"type":"AppendToStringVariable","inputs":{"name":"QTY","value":"@{items('Appending_the_material_values')?['Quantity']} <br><br>"}},"Append_to_string_variable_3":{"runAfter":{"Append_to_string_variable_2":["Succeeded"]},"metadata":{"operationMetadataId":"198abd82-f791-4f69-843e-71570c4458a8"},"type":"AppendToStringVariable","inputs":{"name":"DESCRIPTION","value":"@{items('Appending_the_material_values')?['Description']}<br><br>"}},"Append_to_string_variable_4":{"runAfter":{"Append_to_string_variable_3":["Succeeded"]},"metadata":{"operationMetadataId":"7e4ec591-ca86-45ea-b7dd-3ae9910ef71f"},"type":"AppendToStringVariable","inputs":{"name":"Comment","value":"@{items('Appending_the_material_values')?['Batch_ID']}<br><br>"}}},"runAfter":{"Set_variable":["Succeeded"]},"metadata":{"operationMetadataId":"b97cb5b5-f3e9-40bd-ba45-04f822f6be22"},"type":"Foreach"},"Set_variable":{"runAfter":{"Initialize_variable_4":["Succeeded"]},"metadata":{"operationMetadataId":"e46f8cec-fa09-4698-93df-5127673adf05"},"type":"SetVariable","inputs":{"name":"SAP_CODE","value":" "}},"Initialize_variable_2":{"runAfter":{"Initialize_variable":["Succeeded"]},"metadata":{"operationMetadataId":"fd6b050a-066c-44ff-b258-242c7854804b"},"type":"InitializeVariable","inputs":{"variables":[{"name":"QTY","type":"string"}]}},"Initialize_variable_3":{"runAfter":{"Initialize_variable_2":["Succeeded"]},"metadata":{"operationMetadataId":"130254e7-1b23-4fb6-984c-41a09e528e8d"},"type":"InitializeVariable","inputs":{"variables":[{"name":"DESCRIPTION","type":"string"}]}},"If_Italy":{"actions":{"Send_an_email_(V2)":{"runAfter":{},"metadata":{"operationMetadataId":"0cd9f6ca-fcb5-446b-b146-31a05e5e745a"},"type":"OpenApiConnection","inputs":{"host":{"apiId":"/providers/Microsoft.PowerApps/apis/shared_office365","connectionName":"shared_office365_2","operationId":"SendEmailV2"},"parameters":{"emailMessage/To":"prod.it.orders.siemens-healthineers@weg-process.esker.net;kanwardeep.singh@siemens-healthineers.com","emailMessage/Subject":"FOC Order @{outputs('Get_Request_Details')?['body/Country_ID']} - @{outputs('Get_Request_Details')?['body/ID']} @{outputs('Get_Request_Details')?['body/Date']}Customer No. @{outputs('Get_Request_Details')?['body/SHIPTOCode']} .pdf","emailMessage/Body":"<p><br></p>","emailMessage/Attachments":[{"Name":"FOC PDF @{outputs('Get_Request_Details')?['body/ID']}.pdf","ContentBytes":"@body('Convert_file_')"}],"emailMessage/Importance":"Normal"},"authentication":{"value":"@json(decodeBase64(triggerOutputs().headers['X-MS-APIM-Tokens']))['$ConnectionKey']","type":"Raw"}}}},"runAfter":{"Create_PDF":["Succeeded"]},"else":{"actions":{"If_Singapore":{"actions":{"Send_an_email_(V2)_2":{"runAfter":{},"metadata":{"operationMetadataId":"80ad7707-091c-49d1-8b49-4c60667c8742"},"type":"OpenApiConnection","inputs":{"host":{"apiId":"/providers/Microsoft.PowerApps/apis/shared_office365","connectionName":"shared_office365_2","operationId":"SendEmailV2"},"parameters":{"emailMessage/To":"hdxorders.sg.team@siemens-healthineers.com;md.customercare.sin@dksh.com","emailMessage/Subject":"FOC Order @{outputs('Get_Request_Details')?['body/Country_ID']} - @{outputs('Get_Request_Details')?['body/ID']} @{outputs('Get_Request_Details')?['body/Date']}Customer No. @{outputs('Get_Request_Details')?['body/SHIPTOCode']} .pdf","emailMessage/Body":"<p>FOC PDF @{outputs('Get_Request_Details')?['body/ID']} .pdf</p>","emailMessage/Attachments":[{"Name":"FOC PDF @{outputs('Get_Request_Details')?['body/ID']}.pdf","ContentBytes":"@body('Convert_file_')"}],"emailMessage/Importance":"Normal"},"authentication":{"value":"@json(decodeBase64(triggerOutputs().headers['X-MS-APIM-Tokens']))['$ConnectionKey']","type":"Raw"}}}},"runAfter":{},"else":{"actions":{"If_Spain":{"actions":{"Send_an_email_(V2)_3":{"runAfter":{},"metadata":{"operationMetadataId":"29c49fc6-bba4-40c9-88cd-c8e89d709914"},"type":"OpenApiConnection","inputs":{"host":{"apiId":"/providers/Microsoft.PowerApps/apis/shared_office365","connectionName":"shared_office365_2","operationId":"SendEmailV2"},"parameters":{"emailMessage/To":"pedidos.diagnosticos.es.team@siemens-healthineers.com","emailMessage/Subject":"FOC Order @{outputs('Get_Request_Details')?['body/Country_ID']} - @{outputs('Get_Request_Details')?['body/ID']} @{outputs('Get_Request_Details')?['body/Date']}Customer No. @{outputs('Get_Request_Details')?['body/SHIPTOCode']} .pdf","emailMessage/Body":"<p>FOC PDF @{outputs('Get_Request_Details')?['body/ID']} .pdf</p>","emailMessage/Attachments":[{"Name":"FOC PDF @{outputs('Get_Request_Details')?['body/ID']} .pdf","ContentBytes":"@body('Convert_file_')"}],"emailMessage/Importance":"Normal"},"authentication":{"value":"@json(decodeBase64(triggerOutputs().headers['X-MS-APIM-Tokens']))['$ConnectionKey']","type":"Raw"}}}},"runAfter":{},"else":{"actions":{"If_Germany":{"actions":{"Send_an_email_(V2)_4":{"runAfter":{},"metadata":{"operationMetadataId":"a9ffb33a-548e-4821-9cc6-f7d29232bcf5"},"type":"OpenApiConnection","inputs":{"host":{"apiId":"/providers/Microsoft.PowerApps/apis/shared_office365","connectionName":"shared_office365_2","operationId":"SendEmailV2"},"parameters":{"emailMessage/To":"kanwardeep.singh@siemens-healthineers.com;qa.es.orders.siemens-healthineers@weg-process.esker.net","emailMessage/Subject":"FOC Order @{outputs('Get_Request_Details')?['body/Country_ID']} - @{outputs('Get_Request_Details')?['body/ID']} @{outputs('Get_Request_Details')?['body/Date']}Customer No. @{outputs('Get_Request_Details')?['body/SHIPTOCode']} .pdf","emailMessage/Body":"<p>FOC PDF @{outputs('Get_Request_Details')?['body/ID']} .pdf</p>","emailMessage/Attachments":[{"Name":"FOC PDF @{outputs('Get_Request_Details')?['body/ID']}.pdf","ContentBytes":"@body('Convert_file_')"}],"emailMessage/Importance":"Normal"},"authentication":{"value":"@json(decodeBase64(triggerOutputs().headers['X-MS-APIM-Tokens']))['$ConnectionKey']","type":"Raw"}}}},"runAfter":{},"else":{"actions":{"If_Greece":{"actions":{"Send_an_email_(V2)_5":{"runAfter":{},"metadata":{"operationMetadataId":"a8c9f22e-615f-4d42-b3bd-a79351c06701"},"type":"OpenApiConnection","inputs":{"host":{"apiId":"/providers/Microsoft.PowerApps/apis/shared_office365","connectionName":"shared_office365_2","operationId":"SendEmailV2"},"parameters":{"emailMessage/To":"kanwardeep.singh@siemens-healthineers.com","emailMessage/Subject":"FOC Order  @{outputs('Get_Request_Details')?['body/Country_ID']} - @{outputs('Get_Request_Details')?['body/ID']} @{outputs('Get_Request_Details')?['body/Date']}Customer No. @{outputs('Get_Request_Details')?['body/SHIPTOCode']} .pdf","emailMessage/Body":"<p>FOC Final PDF @{outputs('Get_Request_Details')?['body/ID']}</p>","emailMessage/Attachments":[{"Name":"FOC Final PDF @{outputs('Get_Request_Details')?['body/ID']}","ContentBytes":"@body('Convert_file_')"}],"emailMessage/Importance":"Normal"},"authentication":{"value":"@json(decodeBase64(triggerOutputs().headers['X-MS-APIM-Tokens']))['$ConnectionKey']","type":"Raw"}}}},"runAfter":{},"else":{"actions":{"If_Malaysia":{"actions":{"Send_an_email_(V2)_7":{"runAfter":{},"metadata":{"operationMetadataId":"14e71758-6026-4977-9b2c-0333dc11b911"},"type":"OpenApiConnection","inputs":{"host":{"apiId":"/providers/Microsoft.PowerApps/apis/shared_office365","connectionName":"shared_office365_2","operationId":"SendEmailV2"},"parameters":{"emailMessage/To":"hdxlsc.my@siemens-healthineers.com;ZuelligOrder@zuelligpharma.com","emailMessage/Subject":"FOC Order @{outputs('Get_Request_Details')?['body/Country_ID']} - @{outputs('Get_Request_Details')?['body/ID']} @{outputs('Get_Request_Details')?['body/Date']}Customer No. @{outputs('Get_Request_Details')?['body/SHIPTOCode']} @{outputs('Get_Request_Details')?['body/SHIPTOCustomerName']} .pdf","emailMessage/Body":"<p>FOC Final Order PDF @{outputs('Get_Request_Details')?['body/ID']} - @{outputs('Get_Request_Details')?['body/SHIPTOCustomerName']}</p>","emailMessage/Attachments":[{"Name":"FOC Final PDF @{outputs('Get_Request_Details')?['body/ID']}","ContentBytes":"@body('Convert_file_')"}],"emailMessage/Importance":"Normal"},"authentication":{"value":"@json(decodeBase64(triggerOutputs().headers['X-MS-APIM-Tokens']))['$ConnectionKey']","type":"Raw"}}}},"runAfter":{},"else":{"actions":{"If_Denmark":{"actions":{"Send_an_email_(V2)_8":{"runAfter":{},"metadata":{"operationMetadataId":"28a485ae-7d56-46ed-bbca-494d939904b8"},"type":"OpenApiConnection","inputs":{"host":{"apiId":"/providers/Microsoft.PowerApps/apis/shared_office365","connectionName":"shared_office365_2","operationId":"SendEmailV2"},"parameters":{"emailMessage/To":"SHS-DK-SCM.team@siemens-healthineers.com;kanwardeep.singh@siemens-healthineers.com","emailMessage/Subject":"FOC Order @{outputs('Get_Request_Details')?['body/Country_ID']} - @{outputs('Get_Request_Details')?['body/ID']} @{outputs('Get_Request_Details')?['body/Date']}Customer No. @{outputs('Get_Request_Details')?['body/SHIPTOCode']}","emailMessage/Body":"<p>FOC Final Order PDF @{outputs('Get_Request_Details')?['body/ID']}</p>","emailMessage/Attachments":[{"Name":"FOC Final PDF @{outputs('Get_Request_Details')?['body/ID']}.pdf","ContentBytes":"@body('Convert_file_')"}],"emailMessage/Importance":"Normal"},"authentication":{"value":"@json(decodeBase64(triggerOutputs().headers['X-MS-APIM-Tokens']))['$ConnectionKey']","type":"Raw"}}}},"runAfter":{},"else":{"actions":{"If_Finland":{"actions":{"Send_an_email_(V2)_9":{"runAfter":{},"metadata":{"operationMetadataId":"ed472f3b-1b5a-4de3-a2ae-35b067b30518"},"type":"OpenApiConnection","inputs":{"host":{"apiId":"/providers/Microsoft.PowerApps/apis/shared_office365","connectionName":"shared_office365_2","operationId":"SendEmailV2"},"parameters":{"emailMessage/To":"dx-diagnostics.fi.team@siemens-healthineers.com;kanwardeep.singh@siemens-healthineers.com","emailMessage/Subject":"FOC Order @{outputs('Get_Request_Details')?['body/Country_ID']} - @{outputs('Get_Request_Details')?['body/ID']} @{outputs('Get_Request_Details')?['body/Date']}Customer No. @{outputs('Get_Request_Details')?['body/SHIPTOCode']}","emailMessage/Body":"<p>FOC Order PDF @{outputs('Get_Request_Details')?['body/ID']}</p>","emailMessage/Attachments":[{"Name":"FOC Order @{outputs('Get_Request_Details')?['body/Country_ID']} - @{outputs('Get_Request_Details')?['body/ID']} @{outputs('Get_Request_Details')?['body/Date']}Customer No. @{outputs('Get_Request_Details')?['body/SHIPTOCode']}.pdf","ContentBytes":"@body('Convert_file_')"}],"emailMessage/Importance":"Normal"},"authentication":{"value":"@json(decodeBase64(triggerOutputs().headers['X-MS-APIM-Tokens']))['$ConnectionKey']","type":"Raw"}}}},"runAfter":{},"expression":{"equals":["@outputs('Get_Request_Details')?['body/Title']","Finland"]},"metadata":{"operationMetadataId":"deddb3bb-dd49-457f-85e2-16a3ea626d6e"},"type":"If"}}},"expression":{"equals":["@outputs('Get_Request_Details')?['body/Title']","Denmark"]},"metadata":{"operationMetadataId":"4e933df5-ecba-45b8-9bc7-1169c884621f"},"type":"If"}}},"expression":{"equals":["@outputs('Get_Request_Details')?['body/Title']","Malaysia"]},"metadata":{"operationMetadataId":"6ad58d87-ea28-4aab-a7a6-803b4c4aec04"},"type":"If"}}},"expression":{"equals":["@outputs('Get_Request_Details')?['body/Title']","Greece"]},"metadata":{"operationMetadataId":"5f07f600-cb3c-48df-b5a9-39c21e317587"},"type":"If"}}},"expression":{"equals":["@outputs('Get_Request_Details')?['body/Title']","Germany"]},"metadata":{"operationMetadataId":"b5e20c5e-f517-45a2-93cd-ee4b5642e8d1"},"type":"If"}}},"expression":{"equals":["@outputs('Get_Request_Details')?['body/Title']","Spain"]},"metadata":{"operationMetadataId":"5deead0e-b82b-4d97-a581-1ea7c248277b"},"type":"If"}}},"expression":{"equals":["@outputs('Get_Request_Details')?['body/Title']","Singapore"]},"metadata":{"operationMetadataId":"a51a807e-8c97-4961-b8ff-eecb7045847b"},"type":"If"}}},"expression":{"equals":["@outputs('Get_Request_Details')?['body/Title']","Italy"]},"metadata":{"operationMetadataId":"3213fccd-66c9-4fc3-9101-3f888c5ac859"},"type":"If"},"Fetching_material_details":{"foreach":"@outputs('Get_items')?['body/value']","actions":{"Get_Material_Details":{"runAfter":{},"metadata":{"operationMetadataId":"ee537511-ddc5-4951-b07a-6510c39f2fa5"},"type":"OpenApiConnection","inputs":{"host":{"apiId":"/providers/Microsoft.PowerApps/apis/shared_sharepointonline","connectionName":"shared_sharepointonline","operationId":"GetItem"},"parameters":{"dataset":"https://healthineers.sharepoint.com/sites/FOC_Tool","table":"298b583c-837f-40d4-b81d-9d9add7fd77c","id":"@items('Fetching_material_details')?['ID']"},"authentication":{"value":"@json(decodeBase64(triggerOutputs().headers['X-MS-APIM-Tokens']))['$ConnectionKey']","type":"Raw"}}}},"runAfter":{"Get_items":["Succeeded"]},"metadata":{"operationMetadataId":"02164545-012f-443f-ad4f-d2607bcd398e"},"type":"Foreach"},"Send_an_email_(V2)_6":{"runAfter":{"If_Italy":["Succeeded"]},"metadata":{"operationMetadataId":"f577e83c-355b-43d2-ac68-14a4d216dfb9"},"type":"OpenApiConnection","inputs":{"host":{"apiId":"/providers/Microsoft.PowerApps/apis/shared_office365","connectionName":"shared_office365_2","operationId":"SendEmailV2"},"parameters":{"emailMessage/To":"@outputs('Get_Request_Details')?['body/RequestorE_x002d_Mail']","emailMessage/Subject":"FOC Request -ID @{outputs('Get_Request_Details')?['body/ID']} - @{outputs('Get_Request_Details')?['body/Title']} has been Approved","emailMessage/Body":"<body style=\"font-family:Calibri;\">\n<table align=\"center\" border=\"0\" cellpadding=\"0\" cellspacing=\"0\"\nwidth=\"550\" bgcolor=\"white\" style=\"border:2px #009999; border-style: ridge; box-shadow: 0 4px 8px 0 rgba(0, 0, 0, 0.2), 0 6px 20px 0 rgba(0, 0, 0, 0.19);\">\n<tbody>\n<tr>\n<td align=\"center\">\n<table align=\"center\" border=\"0\" cellpadding=\"0\"\ncellspacing=\"0\" class=\"col-550\" width=\"550\">\n<tbody>\n<tr><br>\n<td style=\"background-color: white;\nheight: 50px; border: none;\nborder-bottom: 2px #009999; margin:auto;\">\n\n\n<center><h2 style=\"color:black;\nfont-weight:bold;\" >\nFree Of Charge (FOC)</h2></center><br>\n</td>\n</tr>\n</tbody>\n</table>\n</td>\n</tr>\n<tr style=\"height: 300px;\">\n<td align=\"center\" style=\"border: none;\nborder-bottom: 2px solid #009999;\npadding-right: 20px;padding-left:20px\">\n\n\n\n<p><span style=\"font-size: 18px\">Your Request Has Been Approved!</span><br>\n<p><span style=\"font-size: 18px\">FOC Request-</span><span style=\"font-size: 18px\"><strong> ID  @{outputs('Get_Request_Details')?['body/ID']} </strong></span><span style=\"font-size: 18px\"><strong></strong></span><span style=\"font-size: 18px\"><strong> - @{outputs('Get_Request_Details')?['body/Title']} </strong></span><span style=\"font-size: 18px\">has been approved by <strong>@{outputs('Get_Request_Details')?['body/OData__x0031_stApprover']} and @{outputs('Get_Request_Details')?['body/OData__x0032_ndApprover']}</strong></span><span style=\"font-size: 18px\"><strong> .</strong></span><br>\n<br>\n</td>\n</tr>\n\n<tr style=\"display: inline-block;\">\n<td style=\"height: 150px;\npadding: 20px;\nborder: none;\n\nbackground-color: white;\">\n\n<br>\n<a href=\"https://apps.powerapps.com/play/e/09c240e3-8830-e100-86ae-ca9c71be355d/a/da7fa61e-dce4-41c9-81ca-08c6540f051a?tenantId=5dbf1add-202a-4b8d-815b-bf0fb024e033\"><span style=\"font-size: 14px\">Click Here</span></a><span style=\"font-size: 14px\"> &nbsp;to check your request.</span>\n\n</p>\n\n</tr>\n</tbody>\n</table>\n</body>\n","emailMessage/Importance":"Normal"},"authentication":{"value":"@json(decodeBase64(triggerOutputs().headers['X-MS-APIM-Tokens']))['$ConnectionKey']","type":"Raw"}}},"Initialize_variable_4":{"runAfter":{"Initialize_variable_3":["Succeeded"]},"metadata":{"operationMetadataId":"6c46cab2-64a2-46b8-aeaf-6fe64c02110e"},"type":"InitializeVariable","inputs":{"variables":[{"name":"Comment","type":"string"}]}},"Create_HTML_table":{"runAfter":{"Appending_the_material_values":["Succeeded"]},"metadata":{"operationMetadataId":"d1c9e447-48e7-4a70-86bf-c35f83c3a372"},"type":"Table","inputs":{"from":"@outputs('Get_items')?['body/value']","format":"HTML","columns":[{"header":"SMN","value":"@variables('SAP_CODE')"},{"header":"Description","value":"@variables('DESCRIPTION')"},{"header":"Quantity","value":"@variables('QTY')"},{"header":"Comment","value":"@variables('Comment')"}]}}},"outputs":{}},"connectionReferences":{"shared_onedriveforbusiness_1":{"connectionName":"shared-onedriveforbu-79bc876a-3c33-4947-862a-ac34e65fc380","source":"Invoker","id":"/providers/Microsoft.PowerApps/apis/shared_onedriveforbusiness","tier":"NotSpecified","apiName":"onedriveforbusiness"},"shared_onedriveforbusiness":{"connectionName":"shared-onedriveforbu-7e07147f-dbf4-4d08-9060-37bfe29aeaf0","source":"Invoker","id":"/providers/Microsoft.PowerApps/apis/shared_onedriveforbusiness","tier":"NotSpecified","apiName":"onedriveforbusiness"},"shared_sharepointonline":{"connectionName":"191dbff5c2f24d5c934019c998fd62f7","source":"Invoker","id":"/providers/Microsoft.PowerApps/apis/shared_sharepointonline","tier":"NotSpecified","apiName":"sharepointonline"},"shared_office365_2":{"connectionName":"shared-office365-26da368e-0a27-4b7e-a45c-d13e22d27858","source":"Invoker","id":"/providers/Microsoft.PowerApps/apis/shared_office365","tier":"NotSpecified","apiName":"office365"}},"flowFailureAlertSubscribed":false,"isManaged":false}}