{"name":"e742b478-1adb-4a29-b83f-bdf73582c1d9","id":"/providers/Microsoft.Flow/flows/e742b478-1adb-4a29-b83f-bdf73582c1d9","type":"Microsoft.Flow/flows","properties":{"apiId":"/providers/Microsoft.PowerApps/apis/shared_logicflows","displayName":"FOC_Approval_flow","definition":{"metadata":{"workflowEntityId":null,"processAdvisorMetadata":null,"flowChargedByPaygo":null,"flowclientsuspensionreason":"None","flowclientsuspensiontime":null,"flowclientsuspensionreasondetails":null,"creator":{"id":"dc004195-6294-4c04-a82f-1aa5867fe245","type":"User","tenantId":"5dbf1add-202a-4b8d-815b-bf0fb024e033"},"provisioningMethod":"FromDefinition","failureAlertSubscription":true,"clientLastModifiedTime":"2024-07-22T13:05:04.8609063Z","connectionKeySavedTimeKey":"2024-07-22T13:05:04.8609063Z"},"$schema":"https://schema.management.azure.com/providers/Microsoft.Logic/schemas/2016-06-01/workflowdefinition.json#","contentVersion":"1.0.0.0","parameters":{"$connections":{"defaultValue":{},"type":"Object"},"$authentication":{"defaultValue":{},"type":"SecureObject"}},"triggers":{"manual":{"metadata":{"operationMetadataId":"14913a3d-afd8-4e66-a262-3275819accb6"},"type":"Request","kind":"PowerApp","inputs":{"schema":{"type":"object","properties":{"Getitem_Id":{"type":"integer","format":"int64","description":"Unique identifier of item to be retrieved","x-ms-powerflows-param-ispartial":false}},"required":["Getitem_Id"]}}}},"actions":{"Check_Status_and_Send_and_Email":{"actions":{"Send_an_email_(V2)":{"runAfter":{},"metadata":{"operationMetadataId":"13097c6e-d1de-4f21-89ed-af21e3de0fae"},"type":"OpenApiConnection","inputs":{"host":{"apiId":"/providers/Microsoft.PowerApps/apis/shared_office365","connectionName":"shared_office365","operationId":"SendEmailV2"},"parameters":{"emailMessage/To":"@outputs('Get_item')?['body/OData__x0031_stApproverE_x002d_Mail']","emailMessage/Subject":"Your Approval required on FOC Request - @{outputs('Get_item')?['body/Country_ID']} @{outputs('Get_item')?['body/ID']}  - @{outputs('Get_item')?['body/Title']}","emailMessage/Body":"<body style=\"font-family:Calibri;\">\n<table align=\"center\" border=\"0\" cellpadding=\"0\" cellspacing=\"0\"\nwidth=\"550\" bgcolor=\"white\" style=\"border:2px #009999; border-style: ridge; box-shadow: 0 4px 8px 0 rgba(0, 0, 0, 0.2), 0 6px 20px 0 rgba(0, 0, 0, 0.19);\">\n<tbody>\n<tr>\n<td align=\"center\">\n<table align=\"center\" border=\"0\" cellpadding=\"0\"\ncellspacing=\"0\" class=\"col-550\" width=\"550\">\n<tbody>\n<tr><br>\n<td style=\"background-color: white;\nheight: 50px; border: none;\nborder-bottom: 2px solid #009999; margin:auto;\">\n\n\n<h2 style=\"color:black;\nfont-weight:bold;\" >\n&nbsp;Free Of Charge (FOC) &emsp;&emsp;&emsp; &emsp;&emsp;&emsp;\n</h2><br>\n</td>\n</tr>\n</tbody>\n</table>\n</td>\n</tr>\n<tr style=\"height: 300px;\">\n<td align=\"center\" style=\"border: none;\nborder-bottom: 2px solid #009999;\npadding-right: 20px;padding-left:20px\">\n\n\n<p><span style=\"font-size: 18px\">Please approve </span><span style=\"font-size: 18px\"><strong>FOC Request - @{outputs('Get_item')?['body/Country_ID']} @{outputs('Get_item')?['body/ID']}  </strong></span><span style=\"font-size: 18px\"><strong></strong></span><span style=\"font-size: 18px\"><strong> - @{outputs('Get_item')?['body/Title']}</strong></span><span style=\"font-size: 18px\"><strong></strong></span><span style=\"font-size: 18px\"><strong> .</strong></span><br>\n<br>\n<br>\n<a href=\"https://apps.powerapps.com/play/e/09c240e3-8830-e100-86ae-ca9c71be355d/a/da7fa61e-dce4-41c9-81ca-08c6540f051a?tenantId=5dbf1add-202a-4b8d-815b-bf0fb024e033\"><span style=\"font-size: 14px\">Click Here</span></a><span style=\"font-size: 14px\"> &nbsp;to review FOC Request - @{outputs('Get_item')?['body/Country_ID']} @{outputs('Get_item')?['body/ID']}</span><span style=\"font-size: 14px\"></span><span style=\"font-size: 14px\"> - @{outputs('Get_item')?['body/Title']} </span><span style=\"font-size: 14px\"></span><span style=\"font-size: 14px\">.</span><br>\n\n</p>\n</td>\n</tr>\n\n<tr style=\"display: inline-block;\">\n<td style=\"height: 150px;\npadding: 20px;\nborder: none;\n\nbackground-color: white;\">\nAfter you approve<strong> FOC Request - @{outputs('Get_item')?['body/Country_ID']} @{outputs('Get_item')?['body/ID']} </strong><strong></strong><strong>&nbsp;&nbsp;- @{outputs('Get_item')?['body/Title']} </strong><strong></strong><strong></strong>, the agreement will be sent to<strong> @{outputs('Get_item')?['body/OData__x0032_ndApprover']}</strong><strong></strong><strong></strong> . Then, all parties will be notified via email.</p>\n\n</td>\n</tr>\n</tbody>\n</table>\n</body>\n","emailMessage/Importance":"Normal"},"authentication":{"value":"@json(decodeBase64(triggerOutputs().headers['X-MS-APIM-Tokens']))['$ConnectionKey']","type":"Raw"}}},"Send_an_email_(V2)_2":{"runAfter":{"Send_an_email_(V2)":["Succeeded"]},"metadata":{"operationMetadataId":"045d704a-38d9-47b5-b74b-a63bba1adc7c"},"type":"OpenApiConnection","inputs":{"host":{"apiId":"/providers/Microsoft.PowerApps/apis/shared_office365","connectionName":"shared_office365","operationId":"SendEmailV2"},"parameters":{"emailMessage/To":"@outputs('Get_item')?['body/RequestorE_x002d_Mail']","emailMessage/Subject":"FOC Request -  @{outputs('Get_item')?['body/Country_ID']} @{outputs('Get_item')?['body/ID']}  - @{outputs('Get_item')?['body/Title']} has been sent out for signature to @{outputs('Get_item')?['body/OData__x0031_stApprover']}","emailMessage/Body":"<body style=\"font-family:Calibri;\">\n\t<table align=\"center\" border=\"0\" cellpadding=\"0\" cellspacing=\"0\"\n\t\twidth=\"550\" bgcolor=\"white\" style=\"border:2px #009999; border-style: ridge; box-shadow: 0 4px 8px 0 rgba(0, 0, 0, 0.2), 0 6px 20px 0 rgba(0, 0, 0, 0.19);\">\n\t\t<tbody>\n\t\t\t<tr>\n\t\t\t\t<td align=\"center\">\n\t\t\t\t\t<table align=\"center\" border=\"0\" cellpadding=\"0\"\n\t\t\t\t\t\tcellspacing=\"0\" class=\"col-550\" width=\"550\">\n\t\t\t\t\t\t<tbody>\n\t\t\t\t\t\t\t<tr><br>\n\t\t\t\t\t\t\t\t<td style=\"background-color: white;\n\t\t\t\t\t\t\t\t\t\theight: 50px; border: none;\n\t\t\t\t\t\tborder-bottom: 2px solid #009999; margin:auto;\">\n\n\t\t\t\t\t\t\t\t\t\n\t\t\t\t\t\t\t\t\t\t<h2 style=\"color:black;\n\t\t\t\t\t\t\t\t\t\t\t\tfont-weight:bold;\" >\n\t\t\t\t\t\t\t\t\t\t\t &nbsp;Free Of Charge (FOC) &emsp;&emsp;&emsp; &emsp;&emsp;&emsp; &emsp;\n\t\t\t\t\t\t\t\t\t</h2><br>\n\t\t\t\t\t\t\t\t</td>\n\t\t\t\t\t\t\t</tr>\n\t\t\t\t\t\t</tbody>\n\t\t\t\t\t</table>\n\t\t\t\t</td>\n\t\t\t</tr>\n\t\t\t<tr style=\"height: 300px;\">\n\t\t\t\t<td align=\"center\" style=\"border: none;\n\t\t\t\t\t\tborder-bottom: 2px solid #009999;\n\t\t\t\t\t\tpadding-right: 20px;padding-left:20px\">\n\n\n\n<p><span style=\"font-size: 18px\">Your Request Has Been Sent for Approval!</span><br>\n<br>\n<span style=\"font-size: 14px\">FOC App has sent </span><span style=\"font-size: 14px\"><strong>FOC Request - @{outputs('Get_item')?['body/Country_ID']} @{outputs('Get_item')?['body/ID']} </strong></span><span style=\"font-size: 14px\"><strong></strong></span><span style=\"font-size: 14px\"><strong> - @{outputs('Get_item')?['body/Title']}</strong></span><span style=\"font-size: 14px\"><strong></strong></span><span style=\"font-size: 14px\"><strong> to @{outputs('Get_item')?['body/OData__x0031_stApprover']}</strong></span><span style=\"font-size: 14px\"><strong></strong></span><span style=\"font-size: 14px\"><strong> </strong></span><span style=\"font-size: 14px\">for Approval.<br>\n\n<p><a href=\"https://apps.powerapps.com/play/e/09c240e3-8830-e100-86ae-ca9c71be355d/a/da7fa61e-dce4-41c9-81ca-08c6540f051a?tenantId=5dbf1add-202a-4b8d-815b-bf0fb024e033\">Click here</a> to view your request in the FOC App.</p>\n</td>\n\t\t\t</tr>\n\n\t\t\t<tr style=\"display: inline-block;\">\n\t\t\t\t<td style=\"height: 150px;\n\t\t\t\t\t\tpadding: 20px;\n\t\t\t\t\t\tborder: none;\n\t\t\t\t\t\t\n\t\t\t\t\t\tbackground-color: white;\">\n<br>\nWhen </span><span style=\"font-size: 14px\"><strong>@{outputs('Get_item')?['body/OData__x0031_stApprover']}</strong></span><span style=\"font-size: 14px\"><strong></strong></span><span style=\"font-size: 14px\"><strong> </strong></span><span style=\"font-size: 14px\">completes</span><span style=\"font-size: 14px\"><strong> FOC Request - @{outputs('Get_item')?['body/Country_ID']} @{outputs('Get_item')?['body/ID']}  </strong></span><span style=\"font-size: 14px\"><strong></strong></span><span style=\"font-size: 14px\"><strong> - @{outputs('Get_item')?['body/Title']} </strong></span><span style=\"font-size: 14px\"><strong></strong></span><span style=\"font-size: 14px\"><strong> </strong></span><span style=\"font-size: 14px\">, the agreement will be sent to </span><span style=\"font-size: 14px\"><strong>@{outputs('Get_item')?['body/OData__x0032_ndApprover']}</strong></span><span style=\"font-size: 14px\"><strong></strong></span><span style=\"font-size: 14px\"><strong> </strong></span><span style=\"font-size: 14px\">.</span><br>\n</td>\n\t\t\t</tr>\n\t\t</tbody>\n\t</table>\n</body>\n","emailMessage/Importance":"Normal"},"authentication":{"value":"@json(decodeBase64(triggerOutputs().headers['X-MS-APIM-Tokens']))['$ConnectionKey']","type":"Raw"}}},"Apply_to_each":{"foreach":"@outputs('Get_items')?['body/value']","actions":{"Condition":{"actions":{"Send_an_email_(V2)_3":{"runAfter":{},"metadata":{"operationMetadataId":"a35300e2-2284-41b8-b575-53bdc37973f9"},"type":"OpenApiConnection","inputs":{"host":{"apiId":"/providers/Microsoft.PowerApps/apis/shared_office365","connectionName":"shared_office365_1","operationId":"SendEmailV2"},"parameters":{"emailMessage/To":"@items('Apply_to_each')?['Ooo_approver_email']","emailMessage/Subject":"Your Approval required on FOC Request - @{outputs('Get_item')?['body/Country_ID']} @{outputs('Get_item')?['body/ID']}  - @{outputs('Get_item')?['body/Title']}","emailMessage/Body":"<body style=\"font-family:Calibri;\">\n<table align=\"center\" border=\"0\" cellpadding=\"0\" cellspacing=\"0\"\nwidth=\"550\" bgcolor=\"white\" style=\"border:2px #009999; border-style: ridge; box-shadow: 0 4px 8px 0 rgba(0, 0, 0, 0.2), 0 6px 20px 0 rgba(0, 0, 0, 0.19);\">\n<tbody>\n<tr>\n<td align=\"center\">\n<table align=\"center\" border=\"0\" cellpadding=\"0\"\ncellspacing=\"0\" class=\"col-550\" width=\"550\">\n<tbody>\n<tr><br>\n<td style=\"background-color: white;\nheight: 50px; border: none;\nborder-bottom: 2px solid #009999; margin:auto;\">\n\n\n<h2 style=\"color:black;\nfont-weight:bold;\" >\n&nbsp;Free Of Charge (FOC) &emsp;&emsp;&emsp; &emsp;&emsp;&emsp;\n</h2><br>\n</td>\n</tr>\n</tbody>\n</table>\n</td>\n</tr>\n<tr style=\"height: 300px;\">\n<td align=\"center\" style=\"border: none;\nborder-bottom: 2px solid #009999;\npadding-right: 20px;padding-left:20px\">\n\n\n<p><span style=\"font-size: 18px\">As @{outputs('Get_item')?['body/OData__x0031_stApprover']} is Out of Office and you are assigned as proxy, </span><span style=\"font-size: 18px\">Please approve </span><span style=\"font-size: 18px\"><strong>FOC Request - @{outputs('Get_item')?['body/Country_ID']} @{outputs('Get_item')?['body/ID']}  </strong></span><span style=\"font-size: 18px\"><strong></strong></span><span style=\"font-size: 18px\"><strong> - @{outputs('Get_item')?['body/Title']}</strong></span><span style=\"font-size: 18px\"><strong></strong></span><span style=\"font-size: 18px\"><strong> .</strong></span><br>\n<br>\n<br>\n<a href=\"https://apps.powerapps.com/play/e/09c240e3-8830-e100-86ae-ca9c71be355d/a/da7fa61e-dce4-41c9-81ca-08c6540f051a?tenantId=5dbf1add-202a-4b8d-815b-bf0fb024e033\"><span style=\"font-size: 14px\">Click Here</span></a><span style=\"font-size: 14px\"> &nbsp;to review FOC Request - @{outputs('Get_item')?['body/Country_ID']} @{outputs('Get_item')?['body/ID']}</span><span style=\"font-size: 14px\"></span><span style=\"font-size: 14px\"> - @{outputs('Get_item')?['body/Title']} </span><span style=\"font-size: 14px\"></span><span style=\"font-size: 14px\">.</span><br>\n\n</p>\n</td>\n</tr>\n\n<tr style=\"display: inline-block;\">\n<td style=\"height: 150px;\npadding: 20px;\nborder: none;\n\nbackground-color: white;\">\nAfter you approve<strong> FOC Request - @{outputs('Get_item')?['body/Country_ID']} @{outputs('Get_item')?['body/ID']} </strong><strong></strong><strong>&nbsp;&nbsp;- @{outputs('Get_item')?['body/Title']} </strong><strong></strong><strong></strong>, the agreement will be sent to<strong> @{outputs('Get_item')?['body/OData__x0032_ndApprover']}</strong><strong></strong><strong></strong> . Then, all parties will be notified via email.</p>\n\n</td>\n</tr>\n</tbody>\n</table>\n</body>\n","emailMessage/Importance":"Normal"},"authentication":{"value":"@json(decodeBase64(triggerOutputs().headers['X-MS-APIM-Tokens']))['$ConnectionKey']","type":"Raw"}}}},"runAfter":{},"expression":{"and":[{"equals":["@outputs('Get_item')?['body/OData__x0031_stApproverE_x002d_Mail']","@items('Apply_to_each')?['E_x002d_Mail']"]},{"equals":["@items('Apply_to_each')?['OutOfOffice']",true]}]},"metadata":{"operationMetadataId":"2bcab914-dde5-4be9-bb3e-536d7774ed78"},"type":"If"}},"runAfter":{"Send_an_email_(V2)_2":["Succeeded"]},"metadata":{"operationMetadataId":"b97c3f3d-ba6e-4e23-9664-f712d0640230"},"type":"Foreach"}},"runAfter":{"Get_items":["Succeeded"]},"expression":{"equals":["@outputs('Get_item')?['body/Status']","Waiting for Signing"]},"metadata":{"operationMetadataId":"5c0bf55b-4f0d-4b7e-8edf-3b4ee359be7c"},"type":"If"},"Get_item":{"runAfter":{},"metadata":{"operationMetadataId":"f1af9ad9-1b75-4929-85dc-ad53aea041c5"},"type":"OpenApiConnection","inputs":{"host":{"apiId":"/providers/Microsoft.PowerApps/apis/shared_sharepointonline","connectionName":"shared_sharepointonline","operationId":"GetItem"},"parameters":{"dataset":"https://healthineers.sharepoint.com/sites/FOC_Tool","table":"e2587c90-08da-4b9d-908f-7f7bd3e2ce42","id":"@triggerBody()['Getitem_Id']"},"authentication":{"value":"@json(decodeBase64(triggerOutputs().headers['X-MS-APIM-Tokens']))['$ConnectionKey']","type":"Raw"}}},"Get_items":{"runAfter":{"Get_item":["Succeeded"]},"metadata":{"operationMetadataId":"44fc8e6f-2446-480f-a125-3435bf2a59b7"},"type":"OpenApiConnection","inputs":{"host":{"apiId":"/providers/Microsoft.PowerApps/apis/shared_sharepointonline","connectionName":"shared_sharepointonline","operationId":"GetItems"},"parameters":{"dataset":"https://healthineers.sharepoint.com/sites/FOC_Tool","table":"cf929f9c-1e65-4034-b0ae-c106ee30de06"},"authentication":{"value":"@json(decodeBase64(triggerOutputs().headers['X-MS-APIM-Tokens']))['$ConnectionKey']","type":"Raw"}}}}},"connectionReferences":{"shared_office365":{"connectionName":"037ab14bad224ef5a227d776d2c61e03","source":"Invoker","id":"/providers/Microsoft.PowerApps/apis/shared_office365","tier":"NotSpecified","apiName":"office365"},"shared_office365_1":{"connectionName":"shared-office365-98348033-2d4d-4801-8b04-b61d2b3be641","source":"Invoker","id":"/providers/Microsoft.PowerApps/apis/shared_office365","tier":"NotSpecified","apiName":"office365"},"shared_sharepointonline":{"connectionName":"191dbff5c2f24d5c934019c998fd62f7","source":"Invoker","id":"/providers/Microsoft.PowerApps/apis/shared_sharepointonline","tier":"NotSpecified","apiName":"sharepointonline"}},"flowFailureAlertSubscribed":false,"isManaged":false}}