{"name":"3c1089aa-b6d0-4c5c-b984-4cb4d51dcafb","id":"/providers/Microsoft.Flow/flows/3c1089aa-b6d0-4c5c-b984-4cb4d51dcafb","type":"Microsoft.Flow/flows","properties":{"apiId":"/providers/Microsoft.PowerApps/apis/shared_logicflows","displayName":"Use Case Calculater PDF Generator","definition":{"metadata":{"workflowEntityId":null,"processAdvisorMetadata":null,"flowChargedByPaygo":null,"flowclientsuspensionreason":"None","flowclientsuspensiontime":null,"flowclientsuspensionreasondetails":null,"creator":{"id":"dc004195-6294-4c04-a82f-1aa5867fe245","type":"User","tenantId":"5dbf1add-202a-4b8d-815b-bf0fb024e033"},"provisioningMethod":"FromDefinition","failureAlertSubscription":true,"clientLastModifiedTime":"2024-08-07T13:42:28.6213615Z","connectionKeySavedTimeKey":"2024-08-07T13:42:28.6213615Z"},"$schema":"https://schema.management.azure.com/providers/Microsoft.Logic/schemas/2016-06-01/workflowdefinition.json#","contentVersion":"1.0.0.0","parameters":{"$connections":{"defaultValue":{},"type":"Object"},"$authentication":{"defaultValue":{},"type":"SecureObject"}},"triggers":{"manual":{"metadata":{"operationMetadataId":"c552816b-da37-4685-aa7f-0ae07a077098"},"type":"Request","kind":"PowerAppV2","inputs":{"schema":{"type":"object","properties":{"file":{"title":"file","type":"object","x-ms-dynamically-added":true,"description":"Please select file or image","x-ms-content-hint":"FILE","properties":{"name":{"type":"string"},"contentBytes":{"type":"string","format":"byte"}}}},"required":[]}}}},"actions":{"Respond_to_a_Power_App_or_flow":{"runAfter":{"Create_file":["Succeeded"]},"metadata":{"operationMetadataId":"13fd9a7d-bf43-485c-8cdd-2924019ff93a"},"type":"Response","kind":"PowerApp","inputs":{"statusCode":200,"body":{},"schema":{"type":"object","properties":{"path":{"title":"Path","x-ms-dynamically-added":true,"type":"string"}}}}},"Create_file":{"runAfter":{},"metadata":{"operationMetadataId":"27407df7-c5f9-4217-8d7e-1e67d18c4795"},"type":"OpenApiConnection","inputs":{"host":{"apiId":"/providers/Microsoft.PowerApps/apis/shared_sharepointonline","connectionName":"shared_sharepointonline","operationId":"CreateFile"},"parameters":{"dataset":"https://healthineers.sharepoint.com/teams/REGFIcompass","folderPath":"/Shared Documents/General/Use case evaluator pdfs","name":"@triggerBody()?['file']?['name']","body":"@triggerBody()?['file']?['contentBytes']"},"authentication":{"value":"@json(decodeBase64(triggerOutputs().headers['X-MS-APIM-Tokens']))['$ConnectionKey']","type":"Raw"}},"runtimeConfiguration":{"contentTransfer":{"transferMode":"Chunked"}}}}},"connectionReferences":{"shared_sharepointonline":{"connectionName":"191dbff5c2f24d5c934019c998fd62f7","source":"Invoker","id":"/providers/Microsoft.PowerApps/apis/shared_sharepointonline","tier":"NotSpecified","apiName":"sharepointonline"}},"flowFailureAlertSubscribed":false,"isManaged":false}}