{"name":"0abd9c58-df33-4d1b-a33a-b8a6bc6c3ed9","id":"/providers/Microsoft.Flow/flows/0abd9c58-df33-4d1b-a33a-b8a6bc6c3ed9","type":"Microsoft.Flow/flows","properties":{"apiId":"/providers/Microsoft.PowerApps/apis/shared_logicflows","displayName":"PDF-Viewer_Flow_V2.1","definition":{"metadata":{"workflowEntityId":null,"processAdvisorMetadata":null,"flowclientsuspensionreason":"None","flowclientsuspensiontime":null,"flowclientsuspensionreasondetails":null,"creator":{"id":"dc004195-6294-4c04-a82f-1aa5867fe245","type":"User","tenantId":"5dbf1add-202a-4b8d-815b-bf0fb024e033"},"provisioningMethod":"FromDefinition","failureAlertSubscription":true,"clientLastModifiedTime":"2025-03-24T14:42:05.4425672Z","flowChargedByPaygo":null,"connectionKeySavedTimeKey":"2025-03-24T14:40:20.1033079Z","creationSource":null},"$schema":"https://schema.management.azure.com/providers/Microsoft.Logic/schemas/2016-06-01/workflowdefinition.json#","contentVersion":"1.0.0.0","parameters":{"$connections":{"defaultValue":{},"type":"Object"},"$authentication":{"defaultValue":{},"type":"SecureObject"}},"triggers":{"manual":{"metadata":{"operationMetadataId":"75193c70-36c3-43db-b486-0f3c69d21b0b"},"type":"Request","kind":"PowerApp","inputs":{"schema":{"type":"object","properties":{"DateiinhaltüberPfadabrufen_Dateipfad":{"type":"string"}},"required":["DateiinhaltüberPfadabrufen_Dateipfad"]}}}},"actions":{"GetPDF":{"runAfter":{"Delay":["Succeeded"]},"metadata":{"operationMetadataId":"5c9a2293-6637-4230-971a-c9441e5c5f2b"},"type":"OpenApiConnection","inputs":{"host":{"apiId":"/providers/Microsoft.PowerApps/apis/shared_sharepointonline","connectionName":"shared_sharepointonline","operationId":"GetFileContentByPath"},"parameters":{"dataset":"https://healthineers.sharepoint.com/teams/REGFIcompass","path":"@triggerBody()['DateiinhaltüberPfadabrufen_Dateipfad']","inferContentType":true},"authentication":{"value":"@json(decodeBase64(triggerOutputs().headers['X-MS-APIM-Tokens']))['$ConnectionKey']","type":"Raw"}}},"Auf_eine_PowerApp_oder_einen_Flow_antworten":{"runAfter":{"GetPDF":["Succeeded"]},"metadata":{"operationMetadataId":"c281cb8b-19a2-4e4f-85c3-7625354e0ac8"},"type":"Response","kind":"PowerApp","inputs":{"statusCode":200,"body":{"pdf":"@{body('GetPDF')['$content']}"},"schema":{"type":"object","properties":{"pdf":{"title":"Pdf","x-ms-dynamically-added":true,"type":"string","format":"byte"}}}}},"Delay":{"runAfter":{},"metadata":{"operationMetadataId":"52df5d51-e34d-47cc-9865-927dd261cb25"},"type":"Wait","inputs":{"interval":{"count":2,"unit":"Second"}}}},"outputs":{},"description":"Erstellen Sie mindestens eine Aktion, die bei Auswahl einer Schaltfläche oder eines Links in PowerApps ausgeführt werden soll. Um diesen Flow aus einer PowerApp zu nutzen, wählen Sie zunächst das Steuerelement aus, über das der Flow ausgelöst werden soll. Wechseln Sie dann im PowerApps-Menüband zur Registerkarte \"Aktion\", und wählen Sie \"Flows\" aus."},"connectionReferences":{"shared_sharepointonline":{"connectionName":"af03be01c4b14fd48f9e7097940b1b33","source":"Invoker","id":"/providers/Microsoft.PowerApps/apis/shared_sharepointonline","tier":"NotSpecified","apiName":"sharepointonline"}},"flowFailureAlertSubscribed":false,"isManaged":false}}