{"name":"afaa8b8e-6b72-44dc-af2e-b32523ae6943","id":"/providers/Microsoft.Flow/flows/afaa8b8e-6b72-44dc-af2e-b32523ae6943","type":"Microsoft.Flow/flows","properties":{"apiId":"/providers/Microsoft.PowerApps/apis/shared_logicflows","displayName":"PDF-Viewer_Flow_V3","definition":{"metadata":{"workflowEntityId":null,"processAdvisorMetadata":null,"flowChargedByPaygo":null,"flowclientsuspensionreason":"None","flowclientsuspensiontime":null,"flowclientsuspensionreasondetails":null,"creator":{"id":"dc004195-6294-4c04-a82f-1aa5867fe245","type":"User","tenantId":"5dbf1add-202a-4b8d-815b-bf0fb024e033"},"provisioningMethod":"FromDefinition","failureAlertSubscription":true,"clientLastModifiedTime":"2024-06-26T14:19:00.81693Z","connectionKeySavedTimeKey":"2024-06-26T14:17:06.3982068Z"},"$schema":"https://schema.management.azure.com/providers/Microsoft.Logic/schemas/2016-06-01/workflowdefinition.json#","contentVersion":"1.0.0.0","parameters":{"$connections":{"defaultValue":{},"type":"Object"},"$authentication":{"defaultValue":{},"type":"SecureObject"}},"triggers":{"manual":{"metadata":{"operationMetadataId":"07cb3ebb-2d44-49e5-abdb-93a0403955e4"},"type":"Request","kind":"PowerApp","inputs":{"schema":{"type":"object","properties":{"Initializevariable_Value":{"type":"any"},"varFilePath_Value":{"type":"string","description":"Enter initial value","x-ms-powerflows-param-ispartial":false}},"required":["Initializevariable_Value","varFilePath_Value"]}}}},"actions":{"varSiteAddress":{"runAfter":{},"metadata":{"operationMetadataId":"f47ac47c-08fd-44d8-89b7-ac1334b17289"},"type":"InitializeVariable","inputs":{"variables":[{"name":"varSiteAddress","type":"string","value":"@{triggerBody()['Initializevariable_Value']}"}]}},"varFilePath":{"runAfter":{"varSiteAddress":["Succeeded"]},"metadata":{"operationMetadataId":"cbcfac52-e3bd-477f-a5a6-450ca96cd845"},"type":"InitializeVariable","inputs":{"variables":[{"name":"varFilePath","type":"string","value":"@{triggerBody()['varFilePath_Value']}"}]}},"Get_PDF_Data":{"runAfter":{"Delay":["Succeeded"]},"metadata":{"operationMetadataId":"7203acd7-d563-4815-b91b-3e9b85ab088f"},"type":"OpenApiConnection","inputs":{"host":{"apiId":"/providers/Microsoft.PowerApps/apis/shared_sharepointonline","connectionName":"shared_sharepointonline_1","operationId":"GetFileContentByPath"},"parameters":{"dataset":"@triggerBody()['Initializevariable_Value']","path":"@triggerBody()['varFilePath_Value']","inferContentType":true},"authentication":{"value":"@json(decodeBase64(triggerOutputs().headers['X-MS-APIM-Tokens']))['$ConnectionKey']","type":"Raw"}}},"Respond_to_a_PowerApp_or_flow":{"runAfter":{"Get_PDF_Data":["Succeeded"]},"metadata":{"operationMetadataId":"95c3d4ff-de57-4a3c-a598-2c7b0985f8b1"},"type":"Response","kind":"PowerApp","inputs":{"statusCode":200,"body":{"pdfcontent":"@{outputs('Get_PDF_Data')?['body']['$content']}"},"schema":{"type":"object","properties":{"pdfcontent":{"title":"PDFContent","x-ms-dynamically-added":true,"type":"string","format":"byte"}}}}},"Delay":{"runAfter":{"varFilePath":["Succeeded"]},"metadata":{"operationMetadataId":"40dc2661-7c09-4356-be37-44dda11b1951"},"type":"Wait","inputs":{"interval":{"count":1,"unit":"Second"}}}},"outputs":{}},"connectionReferences":{"shared_sharepointonline_1":{"connectionName":"191dbff5c2f24d5c934019c998fd62f7","source":"Invoker","id":"/providers/Microsoft.PowerApps/apis/shared_sharepointonline","tier":"NotSpecified","apiName":"sharepointonline"}},"flowFailureAlertSubscribed":false,"isManaged":false}}