{"name":"3bbdd49f-14e0-4ccb-9ea8-e261be0edba6","id":"/providers/Microsoft.Flow/flows/3bbdd49f-14e0-4ccb-9ea8-e261be0edba6","type":"Microsoft.Flow/flows","properties":{"apiId":"/providers/Microsoft.PowerApps/apis/shared_logicflows","displayName":"REG-FI Compass Documents Revision Date set","definition":{"metadata":{"workflowEntityId":null,"processAdvisorMetadata":null,"flowChargedByPaygo":null,"flowclientsuspensionreason":"None","flowclientsuspensiontime":null,"flowclientsuspensionreasondetails":null,"creator":{"id":"dc004195-6294-4c04-a82f-1aa5867fe245","type":"User","tenantId":"5dbf1add-202a-4b8d-815b-bf0fb024e033"},"provisioningMethod":"FromDefinition","failureAlertSubscription":true,"clientLastModifiedTime":"2025-03-11T21:23:15.1094881Z","connectionKeySavedTimeKey":"2025-03-11T21:23:15.1094881Z","creationSource":null},"$schema":"https://schema.management.azure.com/providers/Microsoft.Logic/schemas/2016-06-01/workflowdefinition.json#","contentVersion":"1.0.0.0","parameters":{"$connections":{"defaultValue":{},"type":"Object"},"$authentication":{"defaultValue":{},"type":"SecureObject"}},"triggers":{"When_a_file_is_created_or_modified_(properties_only)":{"recurrence":{"interval":1,"frequency":"Minute"},"splitOn":"@triggerOutputs()?['body/value']","metadata":{"operationMetadataId":"5ce0fab0-d560-4de5-bda1-36198f54e9bf"},"type":"OpenApiConnection","inputs":{"host":{"apiId":"/providers/Microsoft.PowerApps/apis/shared_sharepointonline","connectionName":"shared_sharepointonline","operationId":"GetOnUpdatedFileItems"},"parameters":{"dataset":"https://healthineers.sharepoint.com/teams/REGFIcompass","table":"d65494c4-b0fb-422b-8c64-e89529aaef90","folderPath":"/Shared Documents/General"},"authentication":"@parameters('$authentication')"}}},"actions":{"Get_changes_for_an_item_or_a_file_(properties_only)":{"runAfter":{},"metadata":{"operationMetadataId":"1d415c79-5d73-4215-b048-b5c44d9478c4"},"type":"OpenApiConnection","inputs":{"host":{"apiId":"/providers/Microsoft.PowerApps/apis/shared_sharepointonline","connectionName":"shared_sharepointonline","operationId":"GetItemChanges"},"parameters":{"dataset":"https://healthineers.sharepoint.com/teams/REGFIcompass","table":"d65494c4-b0fb-422b-8c64-e89529aaef90","id":"@triggerOutputs()?['body/ID']","since":"@triggerOutputs()?['body/{TriggerWindowStartToken}']","until":"@triggerOutputs()?['body/{TriggerWindowEndToken}']","includeDrafts":false},"authentication":"@parameters('$authentication')"}},"Condition":{"actions":{},"runAfter":{"Get_changes_for_an_item_or_a_file_(properties_only)":["Succeeded"]},"else":{"actions":{"Get_file_properties":{"runAfter":{},"metadata":{"operationMetadataId":"d3eb31f3-7a9c-45e6-9881-169c38078e63"},"type":"OpenApiConnection","inputs":{"host":{"apiId":"/providers/Microsoft.PowerApps/apis/shared_sharepointonline","connectionName":"shared_sharepointonline","operationId":"GetFileItem"},"parameters":{"dataset":"https://healthineers.sharepoint.com/teams/REGFIcompass","table":"d65494c4-b0fb-422b-8c64-e89529aaef90","id":"@triggerOutputs()?['body/ID']"},"authentication":"@parameters('$authentication')"}},"Condition_2":{"actions":{"Update_file_properties":{"runAfter":{},"metadata":{"operationMetadataId":"12687ab9-d15e-4b66-acf3-37ee83600de8"},"type":"OpenApiConnection","inputs":{"host":{"apiId":"/providers/Microsoft.PowerApps/apis/shared_sharepointonline","connectionName":"shared_sharepointonline","operationId":"PatchFileItem"},"parameters":{"dataset":"https://healthineers.sharepoint.com/teams/REGFIcompass","table":"d65494c4-b0fb-422b-8c64-e89529aaef90","id":"@outputs('Get_file_properties')?['body/ID']","item/LastReviewDate":"@utcNow()","item/Auswahl/Value":"Valid"},"authentication":"@parameters('$authentication')"}}},"runAfter":{"Get_file_properties":["Succeeded"]},"expression":{"equals":["@outputs('Get_file_properties')?['body/Auswahl/Value']","In Review"]},"metadata":{"operationMetadataId":"7a7b7047-1651-48a3-825d-a4bc2055e538"},"type":"If"}}},"expression":{"and":[{"equals":["@outputs('Get_changes_for_an_item_or_a_file_(properties_only)')?['body/ColumnHasChanged/Author']",true]},{"equals":["@outputs('Get_changes_for_an_item_or_a_file_(properties_only)')?['body/ColumnHasChanged/Auswahl']",true]},{"equals":["@outputs('Get_changes_for_an_item_or_a_file_(properties_only)')?['body/ColumnHasChanged/LastReviewDate']",true]}]},"metadata":{"operationMetadataId":"47d200e3-c428-4474-b420-158f063c3ed1"},"type":"If"}}},"connectionReferences":{"shared_sharepointonline":{"connectionName":"78729c9949bc4643b3985775f9dc05d1","source":"Embedded","id":"/providers/Microsoft.PowerApps/apis/shared_sharepointonline","tier":"NotSpecified","apiName":"sharepointonline"}},"flowFailureAlertSubscribed":false,"isManaged":false}}