{"name":"d22341b8-16e6-45e4-a5c9-9241ea0b6f3f","id":"/providers/Microsoft.Flow/flows/d22341b8-16e6-45e4-a5c9-9241ea0b6f3f","type":"Microsoft.Flow/flows","properties":{"apiId":"/providers/Microsoft.PowerApps/apis/shared_logicflows","displayName":"Update OTC/IFRS/Digi Leads in REG FI Compass","definition":{"metadata":{"workflowEntityId":null,"processAdvisorMetadata":null,"flowChargedByPaygo":null,"flowclientsuspensionreason":"None","flowclientsuspensiontime":null,"flowclientsuspensionreasondetails":null,"creator":{"id":"dc004195-6294-4c04-a82f-1aa5867fe245","type":"User","tenantId":"5dbf1add-202a-4b8d-815b-bf0fb024e033"},"provisioningMethod":"FromDefinition","failureAlertSubscription":true,"clientLastModifiedTime":"2024-12-16T08:58:45.6756324Z","connectionKeySavedTimeKey":"2024-12-16T08:58:45.6756324Z"},"$schema":"https://schema.management.azure.com/providers/Microsoft.Logic/schemas/2016-06-01/workflowdefinition.json#","contentVersion":"1.0.0.0","parameters":{"$connections":{"defaultValue":{},"type":"Object"},"$authentication":{"defaultValue":{},"type":"SecureObject"}},"triggers":{"Recurrence":{"recurrence":{"frequency":"Week","interval":1},"metadata":{"operationMetadataId":"4d3adcdf-c977-41ae-879b-64ac8883b07b"},"type":"Recurrence"}},"actions":{"List_rows_present_in_a_table-_OTC_Leads":{"runAfter":{},"metadata":{"01UVMZBUMEIXSKVVWNRVHYZYIUC4GXWPER":"/03_OTC/06_OTC Strategy Core/Zone OTC Leads.xlsx","tableId":"{09278E60-E4F8-4E28-91D7-F4F1C9CA15B5}","operationMetadataId":"f0617f68-d849-42d2-99a8-e2415ce126cb"},"type":"OpenApiConnection","inputs":{"host":{"apiId":"/providers/Microsoft.PowerApps/apis/shared_excelonlinebusiness","connectionName":"shared_excelonlinebusiness","operationId":"GetItems"},"parameters":{"source":"sites/healthineers.sharepoint.com,21394cf9-370f-48e8-b390-584a5d9b1a42,5411fadd-574f-4c94-98f1-7bcacdba191f","drive":"b!-Uw5IQ836EizkFhKXZsaQt36EVRPV5RMmPF7ys26GR9wibK7vk4lRZ-B6Mbdp-Fu","file":"01UVMZBUMEIXSKVVWNRVHYZYIUC4GXWPER","table":"{09278E60-E4F8-4E28-91D7-F4F1C9CA15B5}"},"authentication":"@parameters('$authentication')"}},"List_rows_present_in_a_table_-_IFRS_Managers":{"runAfter":{"List_rows_present_in_a_table-_OTC_Leads":["Succeeded"]},"metadata":{"01UVMZBUMEIXSKVVWNRVHYZYIUC4GXWPER":"/03_OTC/06_OTC Strategy Core/Zone OTC Leads.xlsx","operationMetadataId":"8a6c3d20-6d35-4b71-bb31-cf52b7eaa3ab","tableId":"{BAD70222-BF1B-4845-AA25-2E42BA047E72}"},"type":"OpenApiConnection","inputs":{"host":{"apiId":"/providers/Microsoft.PowerApps/apis/shared_excelonlinebusiness","connectionName":"shared_excelonlinebusiness","operationId":"GetItems"},"parameters":{"source":"groups/4915ec5b-26dd-400c-b006-da3f196189cc","drive":"b!-Uw5IQ836EizkFhKXZsaQt36EVRPV5RMmPF7ys26GR9wibK7vk4lRZ-B6Mbdp-Fu","file":"01UVMZBUMEIXSKVVWNRVHYZYIUC4GXWPER","table":"{BAD70222-BF1B-4845-AA25-2E42BA047E72}"},"authentication":"@parameters('$authentication')"}},"Apply_to_each":{"foreach":"@outputs('List_rows_present_in_a_table-_OTC_Leads')?['body/value']","actions":{"Get_items_-_OTC_Leads_list":{"runAfter":{},"metadata":{"operationMetadataId":"7dff34fd-aba5-492a-82a1-e0380f1e8197"},"type":"OpenApiConnection","inputs":{"host":{"apiId":"/providers/Microsoft.PowerApps/apis/shared_sharepointonline","connectionName":"shared_sharepointonline","operationId":"GetItems"},"parameters":{"dataset":"https://healthineers.sharepoint.com/teams/REGFIcompass","table":"061c3342-4dcf-4595-ab1e-bce06a8d401a","$filter":"Title eq '@{items('Apply_to_each')?['ZONE']}'"},"authentication":"@parameters('$authentication')"}},"Condition":{"actions":{"Apply_to_each_2":{"foreach":"@outputs('Get_items_-_OTC_Leads_list')?['body/value']","actions":{"Update_item":{"runAfter":{},"metadata":{"operationMetadataId":"d3fceb7d-1b9d-4f92-b2c0-30a2206cfb1b"},"type":"OpenApiConnection","inputs":{"host":{"apiId":"/providers/Microsoft.PowerApps/apis/shared_sharepointonline","connectionName":"shared_sharepointonline","operationId":"PatchItem"},"parameters":{"dataset":"https://healthineers.sharepoint.com/teams/REGFIcompass","table":"061c3342-4dcf-4595-ab1e-bce06a8d401a","id":"@items('Apply_to_each_2')?['ID']","item/Title":"@items('Apply_to_each')?['ZONE']"},"authentication":"@parameters('$authentication')"}}},"runAfter":{},"metadata":{"operationMetadataId":"7b8328c7-d8f8-42e9-85ef-d8bc83399306"},"type":"Foreach"}},"runAfter":{"Get_items_-_OTC_Leads_list":["Succeeded"]},"expression":{"not":{"equals":["@length(outputs('Get_items_-_OTC_Leads_list')?['body/value'])",0]}},"metadata":{"operationMetadataId":"c084d0b5-87b7-4e77-a37e-6c15c6e6253e"},"type":"If"}},"runAfter":{"List_rows_present_in_a_table_-_IFRS_Managers":["Succeeded"]},"metadata":{"operationMetadataId":"95cfa56a-266a-4a89-abfe-ece929425b84"},"type":"Foreach"}},"outputs":{}},"connectionReferences":{"shared_excelonlinebusiness":{"connectionName":"shared-excelonlinebu-3aa50a1f-8fdb-4c68-8994-661e2a645b79","source":"Embedded","id":"/providers/Microsoft.PowerApps/apis/shared_excelonlinebusiness","tier":"NotSpecified","apiName":"excelonlinebusiness"},"shared_sharepointonline":{"connectionName":"191dbff5c2f24d5c934019c998fd62f7","source":"Embedded","id":"/providers/Microsoft.PowerApps/apis/shared_sharepointonline","tier":"NotSpecified","apiName":"sharepointonline"}},"flowFailureAlertSubscribed":false,"isManaged":false}}