{"name":"470d9f3a-964f-4e9c-b476-e43fcb170f5c","id":"/providers/Microsoft.Flow/flows/470d9f3a-964f-4e9c-b476-e43fcb170f5c","type":"Microsoft.Flow/flows","properties":{"apiId":"/providers/Microsoft.PowerApps/apis/shared_logicflows","displayName":"Export to excel and mail","definition":{"metadata":{"workflowEntityId":null,"processAdvisorMetadata":null,"flowChargedByPaygo":null,"flowclientsuspensionreason":"None","flowclientsuspensiontime":null,"flowclientsuspensionreasondetails":null,"creator":{"id":"dc004195-6294-4c04-a82f-1aa5867fe245","type":"User","tenantId":"5dbf1add-202a-4b8d-815b-bf0fb024e033"},"provisioningMethod":"FromDefinition","failureAlertSubscription":true,"clientLastModifiedTime":"2025-01-13T13:42:39.9582507Z","connectionKeySavedTimeKey":"2025-01-13T13:42:39.9582507Z"},"$schema":"https://schema.management.azure.com/providers/Microsoft.Logic/schemas/2016-06-01/workflowdefinition.json#","contentVersion":"1.0.0.0","parameters":{"$connections":{"defaultValue":{},"type":"Object"},"$authentication":{"defaultValue":{},"type":"SecureObject"}},"triggers":{"manual":{"metadata":{"operationMetadataId":"1936a6fc-08f7-43c2-a0e5-867c67726821"},"type":"Request","kind":"PowerAppV2","inputs":{"schema":{"type":"object","properties":{"text":{"title":"Query","type":"string","x-ms-dynamically-added":true,"description":"Please enter your input","x-ms-content-hint":"TEXT"},"text_1":{"description":"Please enter your input","title":"MailTo","type":"string","x-ms-content-hint":"TEXT","x-ms-dynamically-added":true},"text_2":{"title":"JSONFile","type":"string","x-ms-dynamically-added":true,"description":"Please enter your input","x-ms-content-hint":"TEXT"}},"required":["text","text_1","text_2"]}}}},"actions":{"Get_items":{"runAfter":{"Compose":["Succeeded"]},"metadata":{"operationMetadataId":"e2fcac2a-76f3-4744-99bb-9b70d2fafee6"},"type":"OpenApiConnection","inputs":{"host":{"apiId":"/providers/Microsoft.PowerApps/apis/shared_sharepointonline","connectionName":"shared_sharepointonline","operationId":"GetItems"},"parameters":{"dataset":"https://healthineers.sharepoint.com/sites/FOC_Tool","table":"e2587c90-08da-4b9d-908f-7f7bd3e2ce42","$filter":"Title eq '@{triggerBody()?['text']}'"},"authentication":{"value":"@json(decodeBase64(triggerOutputs().headers['X-MS-APIM-Tokens']))['$ConnectionKey']","type":"Raw"}}},"Create_HTML_table":{"runAfter":{"Get_items":["Succeeded"]},"metadata":{"operationMetadataId":"c9f5baeb-e3a6-4493-b4f9-1f12d516394d"},"type":"Table","inputs":{"from":"@outputs('Get_items')?['body/value']","format":"HTML","columns":[{"header":"Country","value":"@item()?['Title']"},{"header":"ID","value":"@item()?['ID']"},{"header":"Requestor Email","value":"@item()?['RequestorE_x002d_Mail']"},{"header":"Date","value":"@item()?['Date']"},{"header":"SoldTo Code","value":"@item()?['SOLDTOCode']"},{"header":"SoldTo Customer Name","value":"@item()?['SOLDTOCustomerName']"},{"header":"SoldTo City","value":"@item()?['SOLDTOCity']"},{"header":"ShipTo Code","value":"@item()?['SHIPTOCode']"},{"header":"ShipTo City","value":"@item()?['SHIPTOCity']"},{"header":"ShipTo CustomerName","value":"@item()?['SHIPTOCustomerName']"},{"header":"ShipTo Department","value":"@item()?['SHIPTODepartment']"},{"header":"Comment","value":"@item()?['Comment']"},{"header":"FOC Catergory","value":"@item()?['FOCCategory']"},{"header":"1st Approver","value":"@item()?['OData__x0031_stApprover']"},{"header":"2nd Approver","value":"@item()?['OData__x0032_ndApprover']"},{"header":"Status","value":"@item()?['Status']"},{"header":"Denied Comments","value":"@item()?['Denied_comments']"}]}},"Create_CSV_table":{"runAfter":{"Create_HTML_table":["Succeeded"]},"metadata":{"operationMetadataId":"86c5b246-ff3a-4b34-9255-915843f43dff"},"type":"Table","inputs":{"from":"@json(outputs('Compose'))","format":"CSV"}},"Create_file":{"runAfter":{"Create_CSV_table":["Succeeded"]},"metadata":{"operationMetadataId":"4970354e-5c2d-434c-b0fa-aa936d54aaef"},"type":"OpenApiConnection","inputs":{"host":{"apiId":"/providers/Microsoft.PowerApps/apis/shared_onedriveforbusiness","connectionName":"shared_onedriveforbusiness_1","operationId":"CreateFile"},"parameters":{"folderPath":"/","name":"Requests.csv","body":"@body('Create_CSV_table')"},"authentication":{"value":"@json(decodeBase64(triggerOutputs().headers['X-MS-APIM-Tokens']))['$ConnectionKey']","type":"Raw"}},"runtimeConfiguration":{"contentTransfer":{"transferMode":"Chunked"}}},"Compose":{"runAfter":{},"metadata":{"operationMetadataId":"cc66a2fa-ddb3-48c7-9c32-41da09f6f9e2"},"type":"Compose","inputs":"@triggerBody()['text_2']"},"Send_an_email_(V2)":{"runAfter":{"Create_file":["Succeeded"]},"metadata":{"operationMetadataId":"33e4fb62-eaad-46ad-9a1d-88deb3da1a3c"},"type":"OpenApiConnection","inputs":{"host":{"apiId":"/providers/Microsoft.PowerApps/apis/shared_office365","connectionName":"shared_office365_2","operationId":"SendEmailV2"},"parameters":{"emailMessage/To":"@triggerBody()?['text_1']","emailMessage/Subject":"FOC Requests Data Export ","emailMessage/Body":"<p>Please find attached the total requests' file.<br>\n<br>\nBest regards!</p>","emailMessage/Attachments":[{"Name":"FOCRequestsExports.csv","ContentBytes":"@body('Create_CSV_table')"},{"Name":"FOCRequestsExports.html","ContentBytes":"@body('Create_HTML_table')"}],"emailMessage/Importance":"Normal"},"authentication":{"value":"@json(decodeBase64(triggerOutputs().headers['X-MS-APIM-Tokens']))['$ConnectionKey']","type":"Raw"}}}}},"connectionReferences":{"shared_sharepointonline":{"connectionName":"191dbff5c2f24d5c934019c998fd62f7","source":"Invoker","id":"/providers/Microsoft.PowerApps/apis/shared_sharepointonline","tier":"NotSpecified","apiName":"sharepointonline"},"shared_onedriveforbusiness_1":{"connectionName":"shared-onedriveforbu-7e07147f-dbf4-4d08-9060-37bfe29aeaf0","source":"Invoker","id":"/providers/Microsoft.PowerApps/apis/shared_onedriveforbusiness","tier":"NotSpecified","apiName":"onedriveforbusiness"},"shared_office365_2":{"connectionName":"shared-office365-04d9aad1-a184-49c9-8bbe-1bbaa69ef30d","source":"Invoker","id":"/providers/Microsoft.PowerApps/apis/shared_office365","tier":"NotSpecified","apiName":"office365"}},"flowFailureAlertSubscribed":false,"isManaged":false}}