{"name":"8e60629f-2670-4544-9737-a8d93ec28766","id":"/providers/Microsoft.Flow/flows/8e60629f-2670-4544-9737-a8d93ec28766","type":"Microsoft.Flow/flows","properties":{"apiId":"/providers/Microsoft.PowerApps/apis/shared_logicflows","displayName":"REG FI Document Review Flow","definition":{"metadata":{"workflowEntityId":null,"processAdvisorMetadata":null,"flowChargedByPaygo":null,"flowclientsuspensionreason":"None","flowclientsuspensiontime":null,"flowclientsuspensionreasondetails":null,"creator":{"id":"dc004195-6294-4c04-a82f-1aa5867fe245","type":"User","tenantId":"5dbf1add-202a-4b8d-815b-bf0fb024e033"},"provisioningMethod":"FromDefinition","failureAlertSubscription":true,"clientLastModifiedTime":"2025-03-11T21:10:23.0446484Z","connectionKeySavedTimeKey":"2025-03-11T21:10:23.0446484Z","creationSource":null},"$schema":"https://schema.management.azure.com/providers/Microsoft.Logic/schemas/2016-06-01/workflowdefinition.json#","contentVersion":"1.0.0.0","parameters":{"$connections":{"defaultValue":{},"type":"Object"},"$authentication":{"defaultValue":{},"type":"SecureObject"}},"triggers":{"Recurrence":{"recurrence":{"frequency":"Month","interval":1},"metadata":{"operationMetadataId":"8cde2d98-c821-49b5-82ef-be730a318608"},"type":"Recurrence"}},"actions":{"Get_files_(properties_only)":{"runAfter":{},"metadata":{"operationMetadataId":"f2f1dc1f-c3e6-4c41-bcaa-65e9dba473e2"},"type":"OpenApiConnection","inputs":{"host":{"apiId":"/providers/Microsoft.PowerApps/apis/shared_sharepointonline","connectionName":"shared_sharepointonline","operationId":"GetFileItems"},"parameters":{"dataset":"https://healthineers.sharepoint.com/teams/REGFIcompass","table":"d65494c4-b0fb-422b-8c64-e89529aaef90","folderPath":"/Shared Documents/General","viewScopeOption":"RecursiveAll"},"authentication":"@parameters('$authentication')"}},"Apply_to_each":{"foreach":"@outputs('Get_files_(properties_only)')?['body/value']","actions":{"Add_to_time":{"runAfter":{},"metadata":{"operationMetadataId":"fd8c884c-1085-4f70-b666-bd9f5d2a8de3"},"type":"Expression","kind":"AddToTime","inputs":{"baseTime":"@items('Apply_to_each')?['LastReviewDate']","interval":4,"timeUnit":"Month"}},"Condition":{"actions":{"Condition_2":{"actions":{"Update_file_properties":{"runAfter":{},"metadata":{"operationMetadataId":"debe49e9-4f08-4157-8d12-f11ce9bdc35e"},"type":"OpenApiConnection","inputs":{"host":{"apiId":"/providers/Microsoft.PowerApps/apis/shared_sharepointonline","connectionName":"shared_sharepointonline_1","operationId":"PatchFileItem"},"parameters":{"dataset":"https://healthineers.sharepoint.com/teams/REGFIcompass","table":"d65494c4-b0fb-422b-8c64-e89529aaef90","id":"@items('Apply_to_each')?['ID']","item/Auswahl/Value":"In Review"},"authentication":"@parameters('$authentication')"}},"Start_and_wait_for_an_approval":{"runAfter":{"Update_file_properties":["Succeeded"]},"metadata":{"operationMetadataId":"e1b995be-87c7-48a6-afb0-720795be1c42"},"type":"OpenApiConnectionWebhook","inputs":{"host":{"apiId":"/providers/Microsoft.PowerApps/apis/shared_approvals","connectionName":"shared_approvals","operationId":"StartAndWaitForAnApproval"},"parameters":{"approvalType":"CustomResponseAwaitAll","WebhookApprovalCreationInput/responseOptions":["Valid","Start Revision"],"WebhookApprovalCreationInput/title":"Revision of document @{outputs('Update_file_properties')?['body/{Name}']}","WebhookApprovalCreationInput/assignedTo":"kanwardeep.singh@siemens-healthineers.com;","WebhookApprovalCreationInput/details":"Hello @{items('Apply_to_each')?['Owner/DisplayName']}\n\nThe document @{items('Apply_to_each')?['{Name}']} needs to be checked if it is still up-to-date. \nNote: \n- If it is still valid, please click on \"Valid\".\n\n- If it is not up-to-date, please click on \"Start Revision\". You will receive a mail \n  afterwards with the instruction on how to proceed.\n\n- If you are not the owner anymore please go into the Sharepoint Document          \n   Library and to the respective document and change the owner and after that \n   please click on \"Start Revision\".\n\nLink to the folder:\n\n\nLink to the document:\n@{items('Apply_to_each')?['{Link}']}\n\nThank you!\n","WebhookApprovalCreationInput/itemLink":"@outputs('Update_file_properties')?['body/{Link}']","WebhookApprovalCreationInput/itemLinkDescription":"@outputs('Update_file_properties')?['body/{Name}']","WebhookApprovalCreationInput/enableNotifications":true,"WebhookApprovalCreationInput/enableReassignment":true},"authentication":"@parameters('$authentication')"}},"Switch":{"runAfter":{"Start_and_wait_for_an_approval":["Succeeded"]},"cases":{"Valid":{"case":"Valid","actions":{"Update_file_properties_3":{"runAfter":{},"metadata":{"operationMetadataId":"29b6b27a-0943-4cd5-bd18-1bc41a31406b"},"type":"OpenApiConnection","inputs":{"host":{"apiId":"/providers/Microsoft.PowerApps/apis/shared_sharepointonline","connectionName":"shared_sharepointonline_1","operationId":"PatchFileItem"},"parameters":{"dataset":"https://healthineers.sharepoint.com/teams/REGFIcompass","table":"d65494c4-b0fb-422b-8c64-e89529aaef90","id":"@items('Apply_to_each')?['ID']","item/LastReviewDate":"@utcNow()","item/Auswahl/Value":"Valid"},"authentication":"@parameters('$authentication')"}}}},"Revision":{"case":"Start Revision","actions":{"Get_file_properties":{"runAfter":{},"metadata":{"operationMetadataId":"d97fffef-fcba-4ea2-b71b-5369bbbc9ff4"},"type":"OpenApiConnection","inputs":{"host":{"apiId":"/providers/Microsoft.PowerApps/apis/shared_sharepointonline","connectionName":"shared_sharepointonline_1","operationId":"GetFileItem"},"parameters":{"dataset":"https://healthineers.sharepoint.com/teams/REGFIcompass","table":"d65494c4-b0fb-422b-8c64-e89529aaef90","id":"@items('Apply_to_each')?['ID']"},"authentication":"@parameters('$authentication')"}},"Send_an_email_(V2)_2":{"runAfter":{"Get_file_properties":["Succeeded"]},"metadata":{"operationMetadataId":"48bebc1d-67aa-4b39-8d3e-2ddbdf00e690"},"type":"OpenApiConnection","inputs":{"host":{"apiId":"/providers/Microsoft.PowerApps/apis/shared_office365","connectionName":"shared_office365","operationId":"SendEmailV2"},"parameters":{"emailMessage/To":"kanwardeep.singh@siemens-healthineers.com","emailMessage/Subject":"Revision of document @{outputs('Get_file_properties')?['body/{Name}']}","emailMessage/Body":"<p>Hello @{outputs('Get_file_properties')?['body/Owner/DisplayName']}<br>\n<br>\nPlease review and update your document @{outputs('Get_file_properties')?['body/{Name}']}.<br>\nTherefore, please do the following steps:<br>\n<br>\n&nbsp;&nbsp;&nbsp;1. Make the changes in the document and update the change history in the document (if needed).<br>\n&nbsp;&nbsp;&nbsp;2. Convert it into a pdf document.<br>\n&nbsp;&nbsp;&nbsp;3. Upload it to the respective folder. Please use the same folder and document name to make sure that there are no duplicates.<br><br>\nAs soon as you uploaded the new document the status will be changed back to Valid and you need to check it in a year again.<br>\n<br>\n<a href='@{outputs('Get_file_properties')?['body/{Link}']}'>Link to the document</a> <br>\n<a href=''>Link to the folder</a> <br>\n<br>\n</p>","emailMessage/Importance":"Normal"},"authentication":"@parameters('$authentication')"}}}}},"default":{"actions":{}},"expression":"@outputs('Start_and_wait_for_an_approval')?['body/outcome']","metadata":{"operationMetadataId":"e808b63d-9709-4153-92cf-65fcbb2f95ca"},"type":"Switch"}},"runAfter":{},"else":{"actions":{"Update_file_properties_2":{"runAfter":{},"metadata":{"operationMetadataId":"3e904a85-7f64-4c70-9bb8-2314d961e22b"},"type":"OpenApiConnection","inputs":{"host":{"apiId":"/providers/Microsoft.PowerApps/apis/shared_sharepointonline","connectionName":"shared_sharepointonline_1","operationId":"PatchFileItem"},"parameters":{"dataset":"https://healthineers.sharepoint.com/teams/REGFIcompass","table":"d65494c4-b0fb-422b-8c64-e89529aaef90","id":"@items('Apply_to_each')?['ID']"},"authentication":"@parameters('$authentication')"}},"Send_an_email_(V2)":{"runAfter":{"Update_file_properties_2":["Succeeded"]},"metadata":{"operationMetadataId":"7fcbf660-055e-489c-98a2-80766d93ce2b"},"type":"OpenApiConnection","inputs":{"host":{"apiId":"/providers/Microsoft.PowerApps/apis/shared_office365","connectionName":"shared_office365","operationId":"SendEmailV2"},"parameters":{"emailMessage/To":"kanwardeep.singh@siemens-healthineers.com","emailMessage/Subject":"Reminder for the revision of the document @{items('Apply_to_each')?['{Name}']}","emailMessage/Body":"<p>Hello @{items('Apply_to_each')?['Owner/DisplayName']}<br>\n<br>\nPlease review and update your document @{items('Apply_to_each')?['{Name}']}.<br>\nTherefore, please do the following steps:<br>\n<br>\n&nbsp;&nbsp;&nbsp;1. Make the changes in the document and update the change history in the document (if needed).<br>\n&nbsp;&nbsp;&nbsp;2. Convert it into a pdf document.<br>\n&nbsp;&nbsp;&nbsp;3. Upload it to the respective folder. Please use the same folder and document name to make sure that there are no duplicates.<br><br>\nAs soon as you uploaded the new document the status will be changed back to Valid and you need to check it in a year again.<br>\n<br>\n<a href='@{items('Apply_to_each')?['{Link}']}'>Link to the document</a> <br>\n<a href=''>Link to the folder</a> <br>\n<br>\n</p>","emailMessage/Importance":"Normal"},"authentication":"@parameters('$authentication')"}}}},"expression":{"equals":["@items('Apply_to_each')?['Auswahl']","Valid"]},"metadata":{"operationMetadataId":"a44ab666-7190-4021-a5dc-90484dca14eb"},"type":"If"}},"runAfter":{"Add_to_time":["Succeeded"]},"expression":{"lessOrEquals":["@body('Add_to_time')","@utcNow()"]},"metadata":{"operationMetadataId":"937c90da-cbeb-40a0-984c-317fad6cce05"},"type":"If"}},"runAfter":{"Get_files_(properties_only)":["Succeeded"]},"metadata":{"operationMetadataId":"6b17c248-7b3d-46f6-aa65-1b30e611f823"},"type":"Foreach"}},"outputs":{}},"connectionReferences":{"shared_sharepointonline":{"connectionName":"20283314cca94a5cacc5e68875635c0e","source":"Embedded","id":"/providers/Microsoft.PowerApps/apis/shared_sharepointonline","tier":"NotSpecified","apiName":"sharepointonline"},"shared_sharepointonline_1":{"connectionName":"78729c9949bc4643b3985775f9dc05d1","source":"Embedded","id":"/providers/Microsoft.PowerApps/apis/shared_sharepointonline","tier":"NotSpecified","apiName":"sharepointonline"},"shared_approvals":{"connectionName":"a4e8d74a63824d98bdf3792c31941cad","source":"Embedded","id":"/providers/Microsoft.PowerApps/apis/shared_approvals","tier":"NotSpecified","apiName":"approvals"},"shared_office365":{"connectionName":"fc3bf622b8234a91970a80a7568ed053","source":"Embedded","id":"/providers/Microsoft.PowerApps/apis/shared_office365","tier":"NotSpecified","apiName":"office365"}},"flowFailureAlertSubscribed":false,"isManaged":false}}