{"name":"3158f799-fcb2-4de0-b767-96d88b6f3811","id":"/providers/Microsoft.Flow/flows/3158f799-fcb2-4de0-b767-96d88b6f3811","type":"Microsoft.Flow/flows","properties":{"apiId":"/providers/Microsoft.PowerApps/apis/shared_logicflows","displayName":"FOC2ndApproverFlow","definition":{"metadata":{"workflowEntityId":null,"processAdvisorMetadata":null,"flowChargedByPaygo":null,"flowclientsuspensionreason":"None","flowclientsuspensiontime":null,"flowclientsuspensionreasondetails":null,"creator":{"id":"dc004195-6294-4c04-a82f-1aa5867fe245","type":"User","tenantId":"5dbf1add-202a-4b8d-815b-bf0fb024e033"},"provisioningMethod":"FromDefinition","failureAlertSubscription":true,"clientLastModifiedTime":"2024-04-04T11:41:39.7791381Z","connectionKeySavedTimeKey":"2024-04-04T11:41:39.7791381Z"},"$schema":"https://schema.management.azure.com/providers/Microsoft.Logic/schemas/2016-06-01/workflowdefinition.json#","contentVersion":"1.0.0.0","parameters":{"$connections":{"defaultValue":{},"type":"Object"},"$authentication":{"defaultValue":{},"type":"SecureObject"}},"triggers":{"manual":{"metadata":{"operationMetadataId":"31b2edf5-6a57-423f-91f4-94fa5faa5d6f"},"type":"Request","kind":"PowerApp","inputs":{"schema":{"type":"object","properties":{"Getitem_Id":{"type":"integer","format":"int64","description":"Unique identifier of item to be retrieved","x-ms-powerflows-param-ispartial":false}},"required":["Getitem_Id"]}}}},"actions":{"Get_item":{"runAfter":{},"metadata":{"operationMetadataId":"949fcf7a-a3c7-4606-85a9-4824017ef7c7"},"type":"OpenApiConnection","inputs":{"host":{"apiId":"/providers/Microsoft.PowerApps/apis/shared_sharepointonline","connectionName":"shared_sharepointonline","operationId":"GetItem"},"parameters":{"dataset":"https://healthineers.sharepoint.com/sites/FOC_Tool","table":"e2587c90-08da-4b9d-908f-7f7bd3e2ce42","id":"@triggerBody()['Getitem_Id']"},"authentication":{"value":"@json(decodeBase64(triggerOutputs().headers['X-MS-APIM-Tokens']))['$ConnectionKey']","type":"Raw"}}},"Condition":{"actions":{"Send_an_email_(V2)":{"runAfter":{},"metadata":{"operationMetadataId":"7936a860-bc45-4656-b082-0443f80569cb"},"type":"OpenApiConnection","inputs":{"host":{"apiId":"/providers/Microsoft.PowerApps/apis/shared_office365","connectionName":"shared_office365","operationId":"SendEmailV2"},"parameters":{"emailMessage/To":"@outputs('Get_item')?['body/OData__x0032_ndApproverE_x002d_Mail']","emailMessage/Subject":"Your Approval required on FOC Request ID- @{outputs('Get_item')?['body/ID']} - @{outputs('Get_item')?['body/Title']}","emailMessage/Body":"<body style=\"font-family:Calibri;\">\n<table align=\"center\" border=\"0\" cellpadding=\"0\" cellspacing=\"0\"\nwidth=\"550\" bgcolor=\"white\"  style=\"border:2px #009999; border-style: ridge; box-shadow: 0 4px 8px 0 rgba(0, 0, 0, 0.2), 0 6px 20px 0 rgba(0, 0, 0, 0.19);\">\n<tbody>\n<tr>\n<td align=\"center\">\n<table align=\"center\" border=\"0\" cellpadding=\"0\"\ncellspacing=\"0\" class=\"col-550\" width=\"550\">\n<tbody>\n<tr><br>\n<td style=\"background-color: white;\nheight: 50px; border: none;\nborder-bottom: 2px solid #009999; margin:auto;\">\n\n\n<h2 style=\"color:black;\nfont-weight:bold;\" >\n&nbsp;Free Of Charge (FOC) &emsp;&emsp;&emsp; &emsp;&emsp;&emsp; &emsp;\n\n</h2><br>\n</td>\n</tr>\n</tbody>\n</table>\n</td>\n</tr>\n<tr style=\"height: 300px;\">\n<td align=\"center\" style=\"border: none;\nborder-bottom: 2px solid #009999;\npadding-right: 20px;padding-left:20px\">\n\n\n\n\n\n<p><span style=\"font-size: 18px\">Please approve</span><span style=\"font-size: 18px\"><strong> FOC Request - ID </strong></span><span style=\"font-size: 18px\"><strong>@{outputs('Get_item')?['body/ID']}</strong></span><span style=\"font-size: 18px\"><strong> - </strong></span><span style=\"font-size: 18px\"><strong>@{outputs('Get_item')?['body/Title']}</strong></span><span style=\"font-size: 18px\"><strong></strong></span><span style=\"font-size: 18px\">.<br>\n</span><br>\n<span style=\"font-size: 14px\">The request has been approved by </span><span style=\"font-size: 14px\"><strong></strong></span><span style=\"font-size: 14px\"><strong>@{outputs('Get_item')?['body/OData__x0031_stApprover']}</strong></span><span style=\"font-size: 14px\"><strong></strong></span><span style=\"font-size: 14px\"> .<br>\n<br>\n</span><a href=\"https://apps.powerapps.com/play/e/09c240e3-8830-e100-86ae-ca9c71be355d/a/da7fa61e-dce4-41c9-81ca-08c6540f051a?tenantId=5dbf1add-202a-4b8d-815b-bf0fb024e033\"><span style=\"font-size: 14px\">Click Here </span></a><span style=\"font-size: 14px\">&nbsp;to review &nbsp;and sign</span><span style=\"font-size: 14px\"><strong> FOC Request - ID </strong></span><span style=\"font-size: 14px\"><strong>@{outputs('Get_item')?['body/ID']}</strong></span><span style=\"font-size: 14px\"><strong>- &nbsp;</strong></span><span style=\"font-size: 14px\"><strong>@{outputs('Get_item')?['body/Title']}</strong></span><span style=\"font-size: 14px\"><strong>.</strong></span><br>\n</p>\n</td>\n</tr>\n\n\n\n<tr style=\"display: inline-block;\">\n<td style=\"height: 150px;\npadding: 20px;\nborder: none;\n\nbackground-color: white;\">\n\n\n<p>\nAfter you approve FOC Request - ID @{outputs('Get_item')?['body/ID']}&nbsp;&nbsp;- @{outputs('Get_item')?['body/Title']} , the agreement will be sent for further processing . Then, all parties will be notified via email.</p>\n\n\n</td>\n</tr>\n</tbody>\n</table>\n</body>","emailMessage/Importance":"Normal"},"authentication":{"value":"@json(decodeBase64(triggerOutputs().headers['X-MS-APIM-Tokens']))['$ConnectionKey']","type":"Raw"}}}},"runAfter":{"Get_item":["Succeeded"]},"else":{"actions":{"Condition_2":{"actions":{"Send_an_email_(V2)_2":{"runAfter":{},"metadata":{"operationMetadataId":"d43163a2-077c-4660-a4e2-30988ca2f7f9"},"type":"OpenApiConnection","inputs":{"host":{"apiId":"/providers/Microsoft.PowerApps/apis/shared_office365","connectionName":"shared_office365_1","operationId":"SendEmailV2"},"parameters":{"emailMessage/To":"@outputs('Get_item')?['body/RequestorE_x002d_Mail']","emailMessage/Subject":"FOC Request - ID @{outputs('Get_item')?['body/ID']} - @{outputs('Get_item')?['body/Title']} has been Denied.","emailMessage/Body":"<body style=\"font-family:Calibri;\">\n<table align=\"center\" border=\"0\" cellpadding=\"0\" cellspacing=\"0\"\nwidth=\"550\" bgcolor=\"white\" style=\"border:2px #009999; border-style: ridge; box-shadow: 0 4px 8px 0 rgba(0, 0, 0, 0.2), 0 6px 20px 0 rgba(0, 0, 0, 0.19);\">\n<tbody>\n<tr>\n<td align=\"center\">\n<table align=\"center\" border=\"0\" cellpadding=\"0\"\ncellspacing=\"0\" class=\"col-550\" width=\"550\">\n<tbody>\n<tr><br>\n<td style=\"background-color: white;\nheight: 50px; border: none;\nborder-bottom: 2px #009999; margin:auto;\">\n\n\n<center><h2 style=\"color:black;\nfont-weight:bold;\" >\n&nbsp;Free Of Charge (FOC) \n</h2><br>\n</td>\n</tr>\n</tbody>\n</table>\n</td>\n</tr>\n</center>\n<tr style=\"height: 300px;\">\n<td align=\"center\" style=\"border: none;\nborder-bottom: 2px solid #009999;\npadding-right: 20px;padding-left:20px\">\n\n\n\n<p><span style=\"font-size: 18px\">Your Request Has Been Denied!</span><br>\n<p><span style=\"font-size: 18px\">FOC Request-</span><span style=\"font-size: 18px\"><strong> ID  @{outputs('Get_item')?['body/ID']}  </strong></span><span style=\"font-size: 18px\"><strong></strong></span><span style=\"font-size: 18px\"><strong> - @{outputs('Get_item')?['body/Title']} </strong></span><span style=\"font-size: 18px\">has been denied by <strong>@{outputs('Get_item')?['body/OData__x0032_ndApprover']}</strong></span><span style=\"font-size: 18px\"><strong> .</strong></span><br>\n<br>\n</td>\n</tr>\n\n<tr style=\"display: inline-block;\">\n<td style=\"height: 150px;\npadding: 20px;\nborder: none;\n\nbackground-color: white;\">\n<p><span style=\"font-size: 18px\">Reason: @{outputs('Get_item')?['body/Denied_comments']}</span><br>\n<br>\n<a href=\"https://apps.powerapps.com/play/e/09c240e3-8830-e100-86ae-ca9c71be355d/a/da7fa61e-dce4-41c9-81ca-08c6540f051a?tenantId=5dbf1add-202a-4b8d-815b-bf0fb024e033\"><span style=\"font-size: 14px\">Click Here</span></a><span style=\"font-size: 14px\"> &nbsp;to check your request.</span>\n\n</p>\n\n</tr>\n</tbody>\n</table>\n</body>\n","emailMessage/Importance":"Normal"},"authentication":{"value":"@json(decodeBase64(triggerOutputs().headers['X-MS-APIM-Tokens']))['$ConnectionKey']","type":"Raw"}}}},"runAfter":{},"expression":{"equals":["@outputs('Get_item')?['body/Status']","Request Denied"]},"metadata":{"operationMetadataId":"972b8534-e4b1-45f1-879b-8bbdd2846c1f"},"type":"If"}}},"expression":{"equals":["@outputs('Get_item')?['body/Status']","Waiting for 2nd Approver"]},"metadata":{"operationMetadataId":"bea219bf-62ff-483e-b8ff-6b9490876b44"},"type":"If"}}},"connectionReferences":{"shared_sharepointonline":{"connectionName":"191dbff5c2f24d5c934019c998fd62f7","source":"Invoker","id":"/providers/Microsoft.PowerApps/apis/shared_sharepointonline","tier":"NotSpecified","apiName":"sharepointonline"},"shared_office365":{"connectionName":"shared-office365-98348033-2d4d-4801-8b04-b61d2b3be641","source":"Invoker","id":"/providers/Microsoft.PowerApps/apis/shared_office365","tier":"NotSpecified","apiName":"office365"},"shared_office365_1":{"connectionName":"037ab14bad224ef5a227d776d2c61e03","source":"Invoker","id":"/providers/Microsoft.PowerApps/apis/shared_office365","tier":"NotSpecified","apiName":"office365"}},"flowFailureAlertSubscribed":false,"isManaged":false}}